'Configuration Parameter:,"Decimal separator: . List separator: , ",Layout Version V6.2,WinCC Version K7.0.2.0
'Var Version V1.0,
'Varname,Conn,Group,Spec,Flag,CTyp,CLen,CPro,CFor,P1,P2,P3,P4,P5,P6,L1,L2,L3,L4,L5,L6,L7,L8,LF1,LF2,LF3,LF4,SCF,SPU,SPO,SVU,SVO,Creator-ID
@SCRIPT_COUNT_TAGS,*,Script,*,0,7,4,8194,0,0,0,0,0,0,0,0,0,0,0,0,0,0,0,0,0,0,0,0,0,0,0,0,0
@SCRIPT_COUNT_REQUESTS_IN_QUEUES,*,Script,*,0,7,4,8194,0,0,0,0,0,0,0,0,0,0,0,0,0,0,0,0,0,0,0,0,0,0,0,0,0
@SCRIPT_COUNT_ACTIONS_IN_QUEUES,*,Script,*,0,7,4,8194,0,0,0,0,0,0,0,0,0,0,0,0,0,0,0,0,0,0,0,0,0,0,0,0,0
@TLGRT_SIZEOF_NOTIFY_QUEUE,*,TagLoggingRt,*,0,9,8,2,0,0,0,0,0,0,0,0,0,0,0,0,0,0,0,0,0,0,0,0,0,0,0,0,0
@TLGRT_SIZEOF_NLL_INPUT_QUEUE,*,TagLoggingRt,*,0,9,8,2,0,0,0,0,0,0,0,0,0,0,0,0,0,0,0,0,0,0,0,0,0,0,0,0,0
@TLGRT_TAGS_PER_SECOND,*,TagLoggingRt,*,0,9,8,2,0,0,0,0,0,0,0,0,0,0,0,0,0,0,0,0,0,0,0,0,0,0,0,0,0
@TLGRT_AVERAGE_TAGS_PER_SECOND,*,TagLoggingRt,*,0,9,8,2,0,0,0,0,0,0,0,0,0,0,0,0,0,0,0,0,0,0,0,0,0,0,0,0,0
@CurrentUser,*,*,*,0,10,0,8194,0,0,0,0,0,0,0,0,0,0,0,0,0,0,0,0,0,0,0,0,0,0,0,0,0
@DeltaLoaded,*,*,*,0,7,4,2,0,0,0,0,0,0,0,0,0,0,0,0,0,0,0,0,0,0,0,0,0,0,0,0,0
@LocalMachineName,*,*,*,0,10,0,8194,0,0,0,0,0,0,0,0,0,0,0,0,0,0,0,0,0,0,0,0,0,0,0,0,0
@ConnectedRTClients,*,*,*,0,5,2,8194,0,0,0,0,0,0,0,0,0,0,0,0,0,0,0,0,0,0,0,0,0,0,0,0,0
@RedundantServerState,*,*,*,0,5,2,8194,0,0,0,0,0,0,0,0,0,0,0,0,0,0,0,0,0,0,0,0,0,0,0,0,0
@DatasourceNameRT,*,*,*,0,11,0,8194,0,0,0,0,0,0,0,0,0,0,0,0,0,0,0,0,0,0,0,0,0,0,0,0,0
@ServerName,*,*,*,0,11,0,2,0,0,0,0,0,0,0,0,0,0,0,0,0,0,0,0,0,0,0,0,0,0,0,0,0
@CurrentUserName,*,*,*,0,11,0,8194,0,0,0,0,0,0,0,0,0,0,0,0,0,0,0,0,0,0,0,0,0,0,0,0,0
NewTag,*,*,*,0,1,1,2,0,0,0,0,0,0,0,0,0,0,0,0,0,0,0,0,0,0,0,0,0,0,0,0,0
please_wait_refre,*,*,*,0,1,1,2,0,0,0,0,0,0,0,0,0,0,0,0,0,0,0,0,0,0,0,0,0,0,0,0,0
seconds,NewConnection,*,"F=8,0",0,5,2,4,0,0,0,0,0,0,0,0,0,0,0,0,0,0,0,0,0,0,0,0,0,0,0,0,0
date,NewConnection,*,"F=0,0",0,10,10,4,0,0,0,0,0,0,0,0,0,0,0,0,0,0,0,0,0,0,0,0,0,0,0,0,0
time,NewConnection,*,"F=5,1",0,10,10,4,0,0,0,0,0,0,0,0,0,0,0,0,0,0,0,0,0,0,0,0,0,0,0,0,0
exit,*,*,*,0,1,1,2,0,0,0,0,0,0,0,0,0,0,0,0,0,0,0,0,0,0,0,0,0,0,0,0,0
@HornReset,*,Horn,*,0,1,1,8194,0,0,0,0,0,0,0,0,0,0,0,0,0,0,0,0,0,0,0,0,0,0,0,0,0
@HornSettingTagsActive,*,Horn,*,0,1,1,8194,0,0,0,0,0,0,0,0,0,0,0,0,0,1,0,0,0,1,0,0,0,0,0,0,0
@HornTriggeringSignalsActive,*,Horn,*,0,1,1,8194,0,0,0,0,0,0,0,0,0,0,0,0,0,1,0,0,0,1,0,0,0,0,0,0,0
@RestartHorn,*,Horn,*,0,1,1,8194,0,0,0,0,0,0,0,0,0,0,0,0,0,0,0,0,0,0,0,0,0,0,0,0,0
@SignalInput1,*,Horn,*,0,1,1,8194,0,0,0,0,0,0,0,0,0,0,0,0,0,0,0,0,0,0,0,0,0,0,0,0,0
@SignalInput2,*,Horn,*,0,1,1,8194,0,0,0,0,0,0,0,0,0,0,0,0,0,0,0,0,0,0,0,0,0,0,0,0,0
@SignalInput3,*,Horn,*,0,1,1,8194,0,0,0,0,0,0,0,0,0,0,0,0,0,0,0,0,0,0,0,0,0,0,0,0,0
@Signal1,*,Horn,*,0,1,1,8194,0,0,0,0,0,0,0,0,0,0,0,0,0,0,0,0,0,0,0,0,0,0,0,0,0
@Signal2,*,Horn,*,0,1,1,8194,0,0,0,0,0,0,0,0,0,0,0,0,0,0,0,0,0,0,0,0,0,0,0,0,0
@Signal3,*,Horn,*,0,1,1,8194,0,0,0,0,0,0,0,0,0,0,0,0,0,0,0,0,0,0,0,0,0,0,0,0,0
ACK,*,*,*,0,1,1,2,0,0,0,0,0,0,0,0,0,0,0,0,0,0,0,0,0,0,0,0,0,0,0,0,0
Actual_fill,Bangtai_chai,*,"DB163,DW60",0,5,2,4,0,0,0,0,0,0,0,0,0,0,0,0,0,0,0,0,0,0,0,0,0,0,0,0,0
MachineIsON_fill,Bangtai_chai,Filler,"E112.5",0,1,1,4,0,0,0,0,0,0,0,0,0,0,0,0,0,0,0,0,0,0,0,0,0,0,0,0,0
B2105_start,Bangtai_chai,*,"DB201,D48.0",0,1,1,4,0,0,0,0,0,0,0,0,0,0,0,0,0,0,0,0,0,0,0,0,0,0,0,0,0
B2105_freq,Bangtai_chai,*,"DB201,DW60",0,5,2,4,0,0,0,0,0,0,0,0,0,0,0,0,0,0,0,0,0,0,0,0,0,0,0,0,0
B2110_start,Bangtai_chai,*,"DB203,D48.0",0,1,1,4,0,0,0,0,0,0,0,0,0,0,0,0,0,0,0,0,0,0,0,0,0,0,0,0,0
B2110_freq,Bangtai_chai,*,"DB203,DW60",0,5,2,4,0,0,0,0,0,0,0,0,0,0,0,0,0,0,0,0,0,0,0,0,0,0,0,0,0
B2111_start,Bangtai_chai,*,"DB205,D48.0",0,1,1,4,0,0,0,0,0,0,0,0,0,0,0,0,0,0,0,0,0,0,0,0,0,0,0,0,0
B2111_freq,Bangtai_chai,*,"DB205,DW60",0,5,2,4,0,0,0,0,0,0,0,0,0,0,0,0,0,0,0,0,0,0,0,0,0,0,0,0,0
B2115_start,Bangtai_chai,*,"DB207,D48.0",0,1,1,4,0,0,0,0,0,0,0,0,0,0,0,0,0,0,0,0,0,0,0,0,0,0,0,0,0
B2115_freq,Bangtai_chai,*,"DB207,DW60",0,5,2,4,0,0,0,0,0,0,0,0,0,0,0,0,0,0,0,0,0,0,0,0,0,0,0,0,0
B2207_start,Bangtai_chai,*,"DB209,D48.0",0,1,1,4,0,0,0,0,0,0,0,0,0,0,0,0,0,0,0,0,0,0,0,0,0,0,0,0,0
B2207_freq,Bangtai_chai,*,"DB209,DW60",0,5,2,4,0,0,0,0,0,0,0,0,0,0,0,0,0,0,0,0,0,0,0,0,0,0,0,0,0
B2210_start,Bangtai_chai,*,"DB211,D48.0",0,1,1,4,0,0,0,0,0,0,0,0,0,0,0,0,0,0,0,0,0,0,0,0,0,0,0,0,0
B2210_freq,Bangtai_chai,*,"DB211,DW60",0,5,2,4,0,0,0,0,0,0,0,0,0,0,0,0,0,0,0,0,0,0,0,0,0,0,0,0,0
B2213_start,Bangtai_chai,*,"DB213,D48.0",0,1,1,4,0,0,0,0,0,0,0,0,0,0,0,0,0,0,0,0,0,0,0,0,0,0,0,0,0
B2213_freq,Bangtai_chai,*,"DB213,DW60",0,5,2,4,0,0,0,0,0,0,0,0,0,0,0,0,0,0,0,0,0,0,0,0,0,0,0,0,0
B2215_start,Bangtai_chai,*,"DB215,D48.0",0,1,1,4,0,0,0,0,0,0,0,0,0,0,0,0,0,0,0,0,0,0,0,0,0,0,0,0,0
B2215_freq,Bangtai_chai,*,"DB215,DW60",0,5,2,4,0,0,0,0,0,0,0,0,0,0,0,0,0,0,0,0,0,0,0,0,0,0,0,0,0
B2218_101_start,Bangtai_chai,*,"DB217,D48.0",0,1,1,4,0,0,0,0,0,0,0,0,0,0,0,0,0,0,0,0,0,0,0,0,0,0,0,0,0
B2218__101_freq,Bangtai_chai,*,"DB217,DW60",0,5,2,4,0,0,0,0,0,0,0,0,0,0,0,0,0,0,0,0,0,0,0,0,0,0,0,0,0
B2218_121_start,Bangtai_chai,*,"DB219,D48.0",0,1,1,4,0,0,0,0,0,0,0,0,0,0,0,0,0,0,0,0,0,0,0,0,0,0,0,0,0
B2218__121_freq,Bangtai_chai,*,"DB219,DW60",0,5,2,4,0,0,0,0,0,0,0,0,0,0,0,0,0,0,0,0,0,0,0,0,0,0,0,0,0
B2218_141_start,Bangtai_chai,*,"DB221,D48.0",0,1,1,4,0,0,0,0,0,0,0,0,0,0,0,0,0,0,0,0,0,0,0,0,0,0,0,0,0
B2218__141_freq,Bangtai_chai,*,"DB221,DW60",0,5,2,4,0,0,0,0,0,0,0,0,0,0,0,0,0,0,0,0,0,0,0,0,0,0,0,0,0
B2222_start,Bangtai_chai,*,"DB223,D48.0",0,1,1,4,0,0,0,0,0,0,0,0,0,0,0,0,0,0,0,0,0,0,0,0,0,0,0,0,0
B2222_freq,Bangtai_chai,*,"DB223,DW60",0,5,2,4,0,0,0,0,0,0,0,0,0,0,0,0,0,0,0,0,0,0,0,0,0,0,0,0,0
B2225_start,Bangtai_chai,*,"DB225,D48.0",0,1,1,4,0,0,0,0,0,0,0,0,0,0,0,0,0,0,0,0,0,0,0,0,0,0,0,0,0
B2225_freq,Bangtai_chai,*,"DB225,DW60",0,5,2,4,0,0,0,0,0,0,0,0,0,0,0,0,0,0,0,0,0,0,0,0,0,0,0,0,0
B2229_start,Bangtai_chai,*,"DB227,D48.0",0,1,1,4,0,0,0,0,0,0,0,0,0,0,0,0,0,0,0,0,0,0,0,0,0,0,0,0,0
B2229_freq,Bangtai_chai,*,"DB227,DW60",0,5,2,4,0,0,0,0,0,0,0,0,0,0,0,0,0,0,0,0,0,0,0,0,0,0,0,0,0
B2305_start,Bangtai_chai,*,"DB229,D48.0",0,1,1,4,0,0,0,0,0,0,0,0,0,0,0,0,0,0,0,0,0,0,0,0,0,0,0,0,0
B2305_freq,Bangtai_chai,*,"DB229,DW60",0,5,2,4,0,0,0,0,0,0,0,0,0,0,0,0,0,0,0,0,0,0,0,0,0,0,0,0,0
B2309_start,Bangtai_chai,*,"DB231,D48.0",0,1,1,4,0,0,0,0,0,0,0,0,0,0,0,0,0,0,0,0,0,0,0,0,0,0,0,0,0
B2309_freq,Bangtai_chai,*,"DB231,DW60",0,5,2,4,0,0,0,0,0,0,0,0,0,0,0,0,0,0,0,0,0,0,0,0,0,0,0,0,0
B2312_start,Bangtai_chai,*,"DB233,D48.0",0,1,1,4,0,0,0,0,0,0,0,0,0,0,0,0,0,0,0,0,0,0,0,0,0,0,0,0,0
B2312_freq,Bangtai_chai,*,"DB233,DW60",0,5,2,4,0,0,0,0,0,0,0,0,0,0,0,0,0,0,0,0,0,0,0,0,0,0,0,0,0
B2404_start,Bangtai_chai,*,"DB235,D48.0",0,1,1,4,0,0,0,0,0,0,0,0,0,0,0,0,0,0,0,0,0,0,0,0,0,0,0,0,0
B2404_freq,Bangtai_chai,*,"DB235,DW60",0,5,2,4,0,0,0,0,0,0,0,0,0,0,0,0,0,0,0,0,0,0,0,0,0,0,0,0,0
B2410_start,Bangtai_chai,*,"DB237,D48.0",0,1,1,4,0,0,0,0,0,0,0,0,0,0,0,0,0,0,0,0,0,0,0,0,0,0,0,0,0
B2410_freq,Bangtai_chai,*,"DB237,DW60",0,5,2,4,0,0,0,0,0,0,0,0,0,0,0,0,0,0,0,0,0,0,0,0,0,0,0,0,0
B2415_start,Bangtai_chai,*,"DB239,D48.0",0,1,1,4,0,0,0,0,0,0,0,0,0,0,0,0,0,0,0,0,0,0,0,0,0,0,0,0,0
B2415_freq,Bangtai_chai,*,"DB239,DW60",0,5,2,4,0,0,0,0,0,0,0,0,0,0,0,0,0,0,0,0,0,0,0,0,0,0,0,0,0
B2504_start,Bangtai_chai,*,"DB241,D48.0",0,1,1,4,0,0,0,0,0,0,0,0,0,0,0,0,0,0,0,0,0,0,0,0,0,0,0,0,0
B2504_freq,Bangtai_chai,*,"DB241,DW60",0,5,2,4,0,0,0,0,0,0,0,0,0,0,0,0,0,0,0,0,0,0,0,0,0,0,0,0,0
B2507_start,Bangtai_chai,*,"DB243,D48.0",0,1,1,4,0,0,0,0,0,0,0,0,0,0,0,0,0,0,0,0,0,0,0,0,0,0,0,0,0
B2507_freq,Bangtai_chai,*,"DB243,DW60",0,5,2,4,0,0,0,0,0,0,0,0,0,0,0,0,0,0,0,0,0,0,0,0,0,0,0,0,0
B2513_start,Bangtai_chai,*,"DB245,D48.0",0,1,1,4,0,0,0,0,0,0,0,0,0,0,0,0,0,0,0,0,0,0,0,0,0,0,0,0,0
B2513_freq,Bangtai_chai,*,"DB245,DW60",0,5,2,4,0,0,0,0,0,0,0,0,0,0,0,0,0,0,0,0,0,0,0,0,0,0,0,0,0
B2515_start,Bangtai_chai,*,"DB247,D48.0",0,1,1,4,0,0,0,0,0,0,0,0,0,0,0,0,0,0,0,0,0,0,0,0,0,0,0,0,0
B2515_freq,Bangtai_chai,*,"DB247,DW60",0,5,2,4,0,0,0,0,0,0,0,0,0,0,0,0,0,0,0,0,0,0,0,0,0,0,0,0,0
B2607_start,Bangtai_chai,*,"DB249,D48.0",0,1,1,4,0,0,0,0,0,0,0,0,0,0,0,0,0,0,0,0,0,0,0,0,0,0,0,0,0
B2607_freq,Bangtai_chai,*,"DB249,DW60",0,5,2,4,0,0,0,0,0,0,0,0,0,0,0,0,0,0,0,0,0,0,0,0,0,0,0,0,0
B2610_start,Bangtai_chai,*,"DB251,D48.0",0,1,1,4,0,0,0,0,0,0,0,0,0,0,0,0,0,0,0,0,0,0,0,0,0,0,0,0,0
B2610_freq,Bangtai_chai,*,"DB251,DW60",0,5,2,4,0,0,0,0,0,0,0,0,0,0,0,0,0,0,0,0,0,0,0,0,0,0,0,0,0
B2612_start,Bangtai_chai,*,"DB253,D48.0",0,1,1,4,0,0,0,0,0,0,0,0,0,0,0,0,0,0,0,0,0,0,0,0,0,0,0,0,0
B2612_freq,Bangtai_chai,*,"DB253,DW60",0,5,2,4,0,0,0,0,0,0,0,0,0,0,0,0,0,0,0,0,0,0,0,0,0,0,0,0,0
B2614_101_start,Bangtai_chai,*,"DB255,D48.0",0,1,1,4,0,0,0,0,0,0,0,0,0,0,0,0,0,0,0,0,0,0,0,0,0,0,0,0,0
B2614_101_freq,Bangtai_chai,*,"DB255,DW60",0,5,2,4,0,0,0,0,0,0,0,0,0,0,0,0,0,0,0,0,0,0,0,0,0,0,0,0,0
B2614_121_start,Bangtai_chai,*,"DB257,D48.0",0,1,1,4,0,0,0,0,0,0,0,0,0,0,0,0,0,0,0,0,0,0,0,0,0,0,0,0,0
B2614_121_freq,Bangtai_chai,*,"DB257,DW60",0,5,2,4,0,0,0,0,0,0,0,0,0,0,0,0,0,0,0,0,0,0,0,0,0,0,0,0,0
B2614_141_start,Bangtai_chai,*,"DB259,D48.0",0,1,1,4,0,0,0,0,0,0,0,0,0,0,0,0,0,0,0,0,0,0,0,0,0,0,0,0,0
B2614_141_freq,Bangtai_chai,*,"DB259,DW60",0,5,2,4,0,0,0,0,0,0,0,0,0,0,0,0,0,0,0,0,0,0,0,0,0,0,0,0,0
B2616_start,Bangtai_chai,*,"DB261,D48.0",0,1,1,4,0,0,0,0,0,0,0,0,0,0,0,0,0,0,0,0,0,0,0,0,0,0,0,0,0
B2616_freq,Bangtai_chai,*,"DB261,DW60",0,5,2,4,0,0,0,0,0,0,0,0,0,0,0,0,0,0,0,0,0,0,0,0,0,0,0,0,0
B2620_start,Bangtai_chai,*,"DB263,D48.0",0,1,1,4,0,0,0,0,0,0,0,0,0,0,0,0,0,0,0,0,0,0,0,0,0,0,0,0,0
B2620_freq,Bangtai_chai,*,"DB263,DW60",0,5,2,4,0,0,0,0,0,0,0,0,0,0,0,0,0,0,0,0,0,0,0,0,0,0,0,0,0
B2623_start,Bangtai_chai,*,"DB265,D48.0",0,1,1,4,0,0,0,0,0,0,0,0,0,0,0,0,0,0,0,0,0,0,0,0,0,0,0,0,0
B2623_freq,Bangtai_chai,*,"DB265,DW60",0,5,2,4,0,0,0,0,0,0,0,0,0,0,0,0,0,0,0,0,0,0,0,0,0,0,0,0,0
B2706_start,Bangtai_chai,*,"DB267,D48.0",0,1,1,4,0,0,0,0,0,0,0,0,0,0,0,0,0,0,0,0,0,0,0,0,0,0,0,0,0
B2706_freq,Bangtai_chai,*,"DB267,DW60",0,5,2,4,0,0,0,0,0,0,0,0,0,0,0,0,0,0,0,0,0,0,0,0,0,0,0,0,0
B2709_start,Bangtai_chai,*,"DB269,D48.0",0,1,1,4,0,0,0,0,0,0,0,0,0,0,0,0,0,0,0,0,0,0,0,0,0,0,0,0,0
B2709_freq,Bangtai_chai,*,"DB269,DW60",0,5,2,4,0,0,0,0,0,0,0,0,0,0,0,0,0,0,0,0,0,0,0,0,0,0,0,0,0
B2712_start,Bangtai_chai,*,"DB271,D48.0",0,1,1,4,0,0,0,0,0,0,0,0,0,0,0,0,0,0,0,0,0,0,0,0,0,0,0,0,0
B2712_freq,Bangtai_chai,*,"DB271,DW60",0,5,2,4,0,0,0,0,0,0,0,0,0,0,0,0,0,0,0,0,0,0,0,0,0,0,0,0,0
B2715_start,Bangtai_chai,*,"DB273,D48.0",0,1,1,4,0,0,0,0,0,0,0,0,0,0,0,0,0,0,0,0,0,0,0,0,0,0,0,0,0
B2715_freq,Bangtai_chai,*,"DB273,DW60",0,5,2,4,0,0,0,0,0,0,0,0,0,0,0,0,0,0,0,0,0,0,0,0,0,0,0,0,0
B2719_start,Bangtai_chai,*,"DB275,D48.0",0,1,1,4,0,0,0,0,0,0,0,0,0,0,0,0,0,0,0,0,0,0,0,0,0,0,0,0,0
B2719_freq,Bangtai_chai,*,"DB275,DW60",0,5,2,4,0,0,0,0,0,0,0,0,0,0,0,0,0,0,0,0,0,0,0,0,0,0,0,0,0
B2723_start,Bangtai_chai,*,"DB277,D48.0",0,1,1,4,0,0,0,0,0,0,0,0,0,0,0,0,0,0,0,0,0,0,0,0,0,0,0,0,0
B2723_freq,Bangtai_chai,*,"DB277,DW60",0,5,2,4,0,0,0,0,0,0,0,0,0,0,0,0,0,0,0,0,0,0,0,0,0,0,0,0,0
B2725_start,Bangtai_chai,*,"DB279,D48.0",0,1,1,4,0,0,0,0,0,0,0,0,0,0,0,0,0,0,0,0,0,0,0,0,0,0,0,0,0
B2725_freq,Bangtai_chai,*,"DB279,DW60",0,5,2,4,0,0,0,0,0,0,0,0,0,0,0,0,0,0,0,0,0,0,0,0,0,0,0,0,0
G2105_start,Bangtai_ket,*,"DB550,D36.5",0,1,1,4,0,0,0,0,0,0,0,0,0,0,0,0,0,0,0,0,0,0,0,0,0,0,0,0,0
G2105_freq,Bangtai_ket,*,"DB550,DW60",0,5,2,4,0,0,0,0,0,0,0,0,0,0,0,0,0,0,0,0,0,0,0,0,0,0,0,0,0
G2109_start,Bangtai_ket,*,"DB551,D36.5",0,1,1,4,0,0,0,0,0,0,0,0,0,0,0,0,0,0,0,0,0,0,0,0,0,0,0,0,0
G2109_freq,Bangtai_ket,*,"DB551,DW60",0,5,2,4,0,0,0,0,0,0,0,0,0,0,0,0,0,0,0,0,0,0,0,0,0,0,0,0,0
G2112_start,Bangtai_ket,*,"DB552,D36.5",0,1,1,4,0,0,0,0,0,0,0,0,0,0,0,0,0,0,0,0,0,0,0,0,0,0,0,0,0
G2112_freq,Bangtai_ket,*,"DB552,DW60",0,5,2,4,0,0,0,0,0,0,0,0,0,0,0,0,0,0,0,0,0,0,0,0,0,0,0,0,0
G2116_start,Bangtai_ket,*,"DB553,D36.5",0,1,1,4,0,0,0,0,0,0,0,0,0,0,0,0,0,0,0,0,0,0,0,0,0,0,0,0,0
G2116_freq,Bangtai_ket,*,"DB553,DW60",0,5,2,4,0,0,0,0,0,0,0,0,0,0,0,0,0,0,0,0,0,0,0,0,0,0,0,0,0
G2118_start,Bangtai_ket,*,"DB554,D36.5",0,1,1,4,0,0,0,0,0,0,0,0,0,0,0,0,0,0,0,0,0,0,0,0,0,0,0,0,0
G2118_freq,Bangtai_ket,*,"DB554,DW60",0,5,2,4,0,0,0,0,0,0,0,0,0,0,0,0,0,0,0,0,0,0,0,0,0,0,0,0,0
G2203_start,Bangtai_ket,*,"DB555,D36.5",0,1,1,4,0,0,0,0,0,0,0,0,0,0,0,0,0,0,0,0,0,0,0,0,0,0,0,0,0
G2203_freq,Bangtai_ket,*,"DB555,DW60",0,5,2,4,0,0,0,0,0,0,0,0,0,0,0,0,0,0,0,0,0,0,0,0,0,0,0,0,0
G2206_start,Bangtai_ket,*,"DB556,D36.5",0,1,1,4,0,0,0,0,0,0,0,0,0,0,0,0,0,0,0,0,0,0,0,0,0,0,0,0,0
G2206_freq,Bangtai_ket,*,"DB556,DW60",0,5,2,4,0,0,0,0,0,0,0,0,0,0,0,0,0,0,0,0,0,0,0,0,0,0,0,0,0
G2214_start,Bangtai_ket,*,"DB558,D36.5",0,1,1,4,0,0,0,0,0,0,0,0,0,0,0,0,0,0,0,0,0,0,0,0,0,0,0,0,0
G2214_freq,Bangtai_ket,*,"DB558,DW60",0,5,2,4,0,0,0,0,0,0,0,0,0,0,0,0,0,0,0,0,0,0,0,0,0,0,0,0,0
G2306_start,Bangtai_ket,*,"DB561,D36.5",0,1,1,4,0,0,0,0,0,0,0,0,0,0,0,0,0,0,0,0,0,0,0,0,0,0,0,0,0
G2306_freq,Bangtai_ket,*,"DB561,DW60",0,5,2,4,0,0,0,0,0,0,0,0,0,0,0,0,0,0,0,0,0,0,0,0,0,0,0,0,0
G2311_start,Bangtai_ket,*,"DB562,D36.5",0,1,1,4,0,0,0,0,0,0,0,0,0,0,0,0,0,0,0,0,0,0,0,0,0,0,0,0,0
G2311_freq,Bangtai_ket,*,"DB562,DW60",0,5,2,4,0,0,0,0,0,0,0,0,0,0,0,0,0,0,0,0,0,0,0,0,0,0,0,0,0
G2404_start,Bangtai_ket,*,"DB563,D36.5",0,1,1,4,0,0,0,0,0,0,0,0,0,0,0,0,0,0,0,0,0,0,0,0,0,0,0,0,0
G2404_freq,Bangtai_ket,*,"DB563,DW60",0,5,2,4,0,0,0,0,0,0,0,0,0,0,0,0,0,0,0,0,0,0,0,0,0,0,0,0,0
G2406_start,Bangtai_ket,*,"DB564,D36.5",0,1,1,4,0,0,0,0,0,0,0,0,0,0,0,0,0,0,0,0,0,0,0,0,0,0,0,0,0
G2406_freq,Bangtai_ket,*,"DB564,DW60",0,5,2,4,0,0,0,0,0,0,0,0,0,0,0,0,0,0,0,0,0,0,0,0,0,0,0,0,0
G2408_start,Bangtai_ket,*,"DB565,D36.5",0,1,1,4,0,0,0,0,0,0,0,0,0,0,0,0,0,0,0,0,0,0,0,0,0,0,0,0,0
G2408_freq,Bangtai_ket,*,"DB565,DW60",0,5,2,4,0,0,0,0,0,0,0,0,0,0,0,0,0,0,0,0,0,0,0,0,0,0,0,0,0
G2411_start,Bangtai_ket,*,"DB566,D36.5",0,1,1,4,0,0,0,0,0,0,0,0,0,0,0,0,0,0,0,0,0,0,0,0,0,0,0,0,0
G2411_freq,Bangtai_ket,*,"DB566,DW60",0,5,2,4,0,0,0,0,0,0,0,0,0,0,0,0,0,0,0,0,0,0,0,0,0,0,0,0,0
G2413_start,Bangtai_ket,*,"DB567,D36.5",0,1,1,4,0,0,0,0,0,0,0,0,0,0,0,0,0,0,0,0,0,0,0,0,0,0,0,0,0
G2413_freq,Bangtai_ket,*,"DB567,DW60",0,5,2,4,0,0,0,0,0,0,0,0,0,0,0,0,0,0,0,0,0,0,0,0,0,0,0,0,0
G2502_start,Bangtai_ket,*,"DB568,D36.5",0,1,1,4,0,0,0,0,0,0,0,0,0,0,0,0,0,0,0,0,0,0,0,0,0,0,0,0,0
G2502_freq,Bangtai_ket,*,"DB568,DW60",0,5,2,4,0,0,0,0,0,0,0,0,0,0,0,0,0,0,0,0,0,0,0,0,0,0,0,0,0
G2505_start,Bangtai_ket,*,"DB569,D36.5",0,1,1,4,0,0,0,0,0,0,0,0,0,0,0,0,0,0,0,0,0,0,0,0,0,0,0,0,0
G2505_freq,Bangtai_ket,*,"DB569,DW60",0,5,2,4,0,0,0,0,0,0,0,0,0,0,0,0,0,0,0,0,0,0,0,0,0,0,0,0,0
G2506_start,Bangtai_ket,*,"DB570,D36.5",0,1,1,4,0,0,0,0,0,0,0,0,0,0,0,0,0,0,0,0,0,0,0,0,0,0,0,0,0
G2506_freq,Bangtai_ket,*,"DB570,DW60",0,5,2,4,0,0,0,0,0,0,0,0,0,0,0,0,0,0,0,0,0,0,0,0,0,0,0,0,0
G2508_start,Bangtai_ket,*,"DB571,D36.5",0,1,1,4,0,0,0,0,0,0,0,0,0,0,0,0,0,0,0,0,0,0,0,0,0,0,0,0,0
G2508_freq,Bangtai_ket,*,"DB571,DW60",0,5,2,4,0,0,0,0,0,0,0,0,0,0,0,0,0,0,0,0,0,0,0,0,0,0,0,0,0
G2510_start,Bangtai_ket,*,"DB572,D36.5",0,1,1,4,0,0,0,0,0,0,0,0,0,0,0,0,0,0,0,0,0,0,0,0,0,0,0,0,0
G2510_freq,Bangtai_ket,*,"DB572,DW60",0,5,2,4,0,0,0,0,0,0,0,0,0,0,0,0,0,0,0,0,0,0,0,0,0,0,0,0,0
G2513_start,Bangtai_ket,*,"DB573,D36.5",0,1,1,4,0,0,0,0,0,0,0,0,0,0,0,0,0,0,0,0,0,0,0,0,0,0,0,0,0
G2513_freq,Bangtai_ket,*,"DB573,DW60",0,5,2,4,0,0,0,0,0,0,0,0,0,0,0,0,0,0,0,0,0,0,0,0,0,0,0,0,0
G2604_start,Bangtai_ket,*,"DB574,D36.5",0,1,1,4,0,0,0,0,0,0,0,0,0,0,0,0,0,0,0,0,0,0,0,0,0,0,0,0,0
G2604_freq,Bangtai_ket,*,"DB574,DW60",0,5,2,4,0,0,0,0,0,0,0,0,0,0,0,0,0,0,0,0,0,0,0,0,0,0,0,0,0
G2607_start,Bangtai_ket,*,"DB575,D36.5",0,1,1,4,0,0,0,0,0,0,0,0,0,0,0,0,0,0,0,0,0,0,0,0,0,0,0,0,0
G2607_freq,Bangtai_ket,*,"DB575,DW60",0,5,2,4,0,0,0,0,0,0,0,0,0,0,0,0,0,0,0,0,0,0,0,0,0,0,0,0,0
G2609_start,Bangtai_ket,*,"DB576,D36.5",0,1,1,4,0,0,0,0,0,0,0,0,0,0,0,0,0,0,0,0,0,0,0,0,0,0,0,0,0
G2609_freq,Bangtai_ket,*,"DB576,DW60",0,5,2,4,0,0,0,0,0,0,0,0,0,0,0,0,0,0,0,0,0,0,0,0,0,0,0,0,0
G2210_start,Bangtai_ket,*,"DB557,D36.5",0,1,1,4,0,0,0,0,0,0,0,0,0,0,0,0,0,0,0,0,0,0,0,0,0,0,0,0,0
G2210_freq,Bangtai_ket,*,"DB557,DW60",0,5,2,4,0,0,0,0,0,0,0,0,0,0,0,0,0,0,0,0,0,0,0,0,0,0,0,0,0
G2217_start,Bangtai_ket,*,"DB559,D36.5",0,1,1,4,0,0,0,0,0,0,0,0,0,0,0,0,0,0,0,0,0,0,0,0,0,0,0,0,0
G2217_freq,Bangtai_ket,*,"DB559,DW60",0,5,2,4,0,0,0,0,0,0,0,0,0,0,0,0,0,0,0,0,0,0,0,0,0,0,0,0,0
G2219_start,Bangtai_ket,*,"DB560,D36.5",0,1,1,4,0,0,0,0,0,0,0,0,0,0,0,0,0,0,0,0,0,0,0,0,0,0,0,0,0
G2219_freq,Bangtai_ket,*,"DB560,DW60",0,5,2,4,0,0,0,0,0,0,0,0,0,0,0,0,0,0,0,0,0,0,0,0,0,0,0,0,0
ActualSpeed_fill,Bangtai_chai,Filler,"DB163,DW60",0,5,2,4,0,0,0,0,0,0,0,0,0,0,0,0,0,0,0,0,0,0,0,0,0,0,0,0,0
MachineOperation_fill,Bangtai_chai,Filler,"E112.2",0,1,1,4,0,0,0,0,0,0,0,0,0,0,0,0,0,0,0,0,0,0,0,0,0,0,0,0,0
MachineIsON_label,Bangtai_chai,Labeller,"E116.5",0,1,1,4,0,0,0,0,0,0,0,0,0,0,0,0,0,0,0,0,0,0,0,0,0,0,0,0,0
ActualSpeed_label,Bangtai_chai,Labeller,"DB165,DW60",0,5,2,4,0,0,0,0,0,0,0,0,0,0,0,0,0,0,0,0,0,0,0,0,0,0,0,0,0
MachineOperation_label,Bangtai_chai,Labeller,"E116.2",0,1,1,4,0,0,0,0,0,0,0,0,0,0,0,0,0,0,0,0,0,0,0,0,0,0,0,0,0
MachineIsON_Ins,Bangtai_chai,Inspector,"E108.5",0,1,1,4,0,0,0,0,0,0,0,0,0,0,0,0,0,0,0,0,0,0,0,0,0,0,0,0,0
ActualSpeed_Ins,Bangtai_chai,Inspector,"DB162,DW60",0,5,2,4,0,0,0,0,0,0,0,0,0,0,0,0,0,0,0,0,0,0,0,0,0,0,0,0,0
MachineOperation_Ins,Bangtai_chai,Inspector,"E108.2",0,1,1,4,0,0,0,0,0,0,0,0,0,0,0,0,0,0,0,0,0,0,0,0,0,0,0,0,0
MachineIsON_Past,Bangtai_chai,Others,"E118.1",0,1,1,4,0,0,0,0,0,0,0,0,0,0,0,0,0,0,0,0,0,0,0,0,0,0,0,0,0
MachineOperation_Wash,Bangtai_chai,Others,"E120.1",0,1,1,4,0,0,0,0,0,0,0,0,0,0,0,0,0,0,0,0,0,0,0,0,0,0,0,0,0
MachineIsON_Packer,Bangtai_chai,Others,"E15.1",0,1,1,4,0,0,0,0,0,0,0,0,0,0,0,0,0,0,0,0,0,0,0,0,0,0,0,0,0
MachineIsON_UnPacker,Bangtai_chai,Others,"E14.1",0,1,1,4,0,0,0,0,0,0,0,0,0,0,0,0,0,0,0,0,0,0,0,0,0,0,0,0,0
Start_Time,Bangtai_chai,Others,"DB901,D0.0",0,1,1,4,0,0,0,0,0,0,0,0,0,0,0,0,0,0,0,0,0,0,0,0,0,0,0,0,0
ActualTime_Unpacker,Bangtai_chai,Others,"DB901,DD26",0,7,4,4,0,0,0,0,0,0,0,0,0,0,0,0,0,0,0,0,0,0,0,0,0,0,0,0,0
ActualTime_Wash,Bangtai_chai,Others,"DB901,DD38",0,7,4,4,0,0,0,0,0,0,0,0,0,0,0,0,0,0,0,0,0,0,0,0,0,0,0,0,0
ActualTime_MPI,Bangtai_chai,Others,"DB901,DD50",0,7,4,4,0,0,0,0,0,0,0,0,0,0,0,0,0,0,0,0,0,0,0,0,0,0,0,0,0
ActualTime_Fill,Bangtai_chai,Others,"DB901,DD62",0,7,4,4,0,0,0,0,0,0,0,0,0,0,0,0,0,0,0,0,0,0,0,0,0,0,0,0,0
ActualTime_Label,Bangtai_chai,Others,"DB901,DD74",0,7,4,4,0,0,0,0,0,0,0,0,0,0,0,0,0,0,0,0,0,0,0,0,0,0,0,0,0
ActualTime_Packer,Bangtai_chai,Others,"DB901,DD86",0,7,4,4,0,0,0,0,0,0,0,0,0,0,0,0,0,0,0,0,0,0,0,0,0,0,0,0,0
ActualTime_Pasteu,Bangtai_chai,Others,"DB901,DD98",0,7,4,4,0,0,0,0,0,0,0,0,0,0,0,0,0,0,0,0,0,0,0,0,0,0,0,0,0
StopTime_Fill,Bangtai_chai,Others,"DB901,DD110",0,7,4,4,0,0,0,0,0,0,0,0,0,0,0,0,0,0,0,0,0,0,0,0,0,0,0,0,0
StopTime_Label,Bangtai_chai,Others,"DB901,DD114",0,7,4,4,0,0,0,0,0,0,0,0,0,0,0,0,0,0,0,0,0,0,0,0,0,0,0,0,0
StopTime_Wash,Bangtai_chai,Others,"DB901,DD118",0,7,4,4,0,0,0,0,0,0,0,0,0,0,0,0,0,0,0,0,0,0,0,0,0,0,0,0,0
StopTime_MPI,Bangtai_chai,Others,"DB901,DD122",0,7,4,4,0,0,0,0,0,0,0,0,0,0,0,0,0,0,0,0,0,0,0,0,0,0,0,0,0
StopTime_unpacker,Bangtai_chai,Others,"DB901,DD126",0,7,4,4,0,0,0,0,0,0,0,0,0,0,0,0,0,0,0,0,0,0,0,0,0,0,0,0,0
StopTime_packer,Bangtai_chai,Others,"DB901,DD130",0,7,4,4,0,0,0,0,0,0,0,0,0,0,0,0,0,0,0,0,0,0,0,0,0,0,0,0,0
Capacity_Unpacker,Bangtai_chai,Others,"DB901,DD34",0,8,4,4,0,0,0,0,0,0,0,0,0,0,0,0,0,0,0,0,0,0,0,0,0,0,0,0,0
Capacity_Wash,Bangtai_chai,Others,"DB901,DD46",0,8,4,4,0,0,0,0,0,0,0,0,0,0,0,0,0,0,0,0,0,0,0,0,0,0,0,0,0
Capacity_MPI,Bangtai_chai,Others,"DB901,DD58",0,8,4,4,0,0,0,0,0,0,0,0,0,0,0,0,0,0,0,0,0,0,0,0,0,0,0,0,0
Capacity_Fill,Bangtai_chai,Others,"DB901,DD70",0,8,4,4,0,0,0,0,0,0,0,0,0,0,0,0,0,0,0,0,0,0,0,0,0,0,0,0,0
Capacity_Label,Bangtai_chai,Others,"DB901,DD82",0,8,4,4,0,0,0,0,0,0,0,0,0,0,0,0,0,0,0,0,0,0,0,0,0,0,0,0,0
Capacity_Packer,Bangtai_chai,Others,"DB901,DD94",0,8,4,4,0,0,0,0,0,0,0,0,0,0,0,0,0,0,0,0,0,0,0,0,0,0,0,0,0
Capacity_Pasteu,Bangtai_chai,Others,"DB901,DD106",0,8,4,4,0,0,0,0,0,0,0,0,0,0,0,0,0,0,0,0,0,0,0,0,0,0,0,0,0
StopTime_Pasteu,Bangtai_chai,Others,"DB901,DD136",0,7,4,4,0,0,0,0,0,0,0,0,0,0,0,0,0,0,0,0,0,0,0,0,0,0,0,0,0
P2201_ON,Daychuyen_pallet,*,"A4.1",0,1,1,4,0,0,0,0,0,0,0,0,0,0,0,0,0,0,0,0,0,0,0,0,0,0,0,0,0
P2202_ON,Daychuyen_pallet,*,"A5.5",0,1,1,4,0,0,0,0,0,0,0,0,0,0,0,0,0,0,0,0,0,0,0,0,0,0,0,0,0
P2203_ON,Daychuyen_pallet,*,"A5.1",0,1,1,4,0,0,0,0,0,0,0,0,0,0,0,0,0,0,0,0,0,0,0,0,0,0,0,0,0
P2204_ON,Daychuyen_pallet,*,"A6.5",0,1,1,4,0,0,0,0,0,0,0,0,0,0,0,0,0,0,0,0,0,0,0,0,0,0,0,0,0
P2205_ON,Daychuyen_pallet,*,"A6.1",0,1,1,4,0,0,0,0,0,0,0,0,0,0,0,0,0,0,0,0,0,0,0,0,0,0,0,0,0
P2209_ON,Daychuyen_pallet,*,"A7.0",0,1,1,4,0,0,0,0,0,0,0,0,0,0,0,0,0,0,0,0,0,0,0,0,0,0,0,0,0
Automatic_Loader,Daychuyen_pallet,*,"DB707,D0.1",0,1,1,4,0,0,0,0,0,0,0,0,0,0,0,0,0,0,0,0,0,0,0,0,0,0,0,0,0
Automatic_Unloader,Daychuyen_pallet,*,"DB707,D4.1",0,1,1,4,0,0,0,0,0,0,0,0,0,0,0,0,0,0,0,0,0,0,0,0,0,0,0,0,0
Output_Cap_Filler,*,*,*,0,5,2,2,0,0,0,0,0,0,0,0,0,0,0,0,0,0,0,0,0,0,0,0,0,0,0,0,0
Output_Cap_Label,*,*,*,0,5,2,2,0,0,0,0,0,0,0,0,0,0,0,0,0,0,0,0,0,0,0,0,0,0,0,0,0
Output_Cap_MPI,*,*,*,0,5,2,2,0,0,0,0,0,0,0,0,0,0,0,0,0,0,0,0,0,0,0,0,0,0,0,0,0
BITONOFF_5s,Bangtai_chai,Others,"DB901,D134.6",0,1,1,4,0,0,0,0,0,0,0,0,0,0,0,0,0,0,0,0,0,0,0,0,0,0,0,0,0
TimeON_report,Bangtai_chai,Others,"DB901,DD144",0,7,4,4,0,0,0,0,0,0,0,0,0,0,0,0,0,0,0,0,0,0,0,0,0,0,0,0,0
TimeOFF_report,Bangtai_chai,Others,"DB901,DD148",0,7,4,4,0,0,0,0,0,0,0,0,0,0,0,0,0,0,0,0,0,0,0,0,0,0,0,0,0
DateTime_LastStart,*,*,*,0,11,510,2,0,0,0,0,0,0,0,0,0,0,0,0,0,0,0,0,0,0,0,0,0,0,0,0,0
Ten_NVH,*,*,*,0,11,510,2,0,0,0,0,0,0,0,0,0,0,0,0,0,0,0,0,0,0,0,0,0,0,0,0,0
Bit_name,*,*,*,0,2,1,2,0,0,0,0,0,0,0,0,0,0,0,0,0,0,0,0,0,0,0,0,0,0,0,0,0
BIT_STOP,*,*,*,0,1,1,2,0,0,0,0,0,0,0,0,0,0,0,0,0,0,0,0,0,0,0,0,0,0,0,0,0
PASSWORD,*,*,*,0,5,2,2,0,0,0,0,0,0,0,0,0,0,0,0,0,0,0,0,0,0,0,0,0,0,0,0,0
0005,Bangtai_chai,Alarm,"DB5,D0.5",0,1,1,4,0,0,0,0,0,0,0,0,0,0,0,0,0,0,0,0,0,0,0,0,0,0,0,0,0
0007,Bangtai_chai,Alarm,"DB5,D0.7",0,1,1,4,0,0,0,0,0,0,0,0,0,0,0,0,0,0,0,0,0,0,0,0,0,0,0,0,0
0096,Bangtai_chai,Alarm,"DB5,D12.0",0,1,1,4,0,0,0,0,0,0,0,0,0,0,0,0,0,0,0,0,0,0,0,0,0,0,0,0,0
0109,Bangtai_chai,Alarm,"DB5,D13.5",0,1,1,4,0,0,0,0,0,0,0,0,0,0,0,0,0,0,0,0,0,0,0,0,0,0,0,0,0
0110,Bangtai_chai,Alarm,"DB5,D13.6",0,1,1,4,0,0,0,0,0,0,0,0,0,0,0,0,0,0,0,0,0,0,0,0,0,0,0,0,0
0111,Bangtai_chai,Alarm,"DB5,D13.7",0,1,1,4,0,0,0,0,0,0,0,0,0,0,0,0,0,0,0,0,0,0,0,0,0,0,0,0,0
0112,Bangtai_chai,Alarm,"DB5,D14.0",0,1,1,4,0,0,0,0,0,0,0,0,0,0,0,0,0,0,0,0,0,0,0,0,0,0,0,0,0
0113,Bangtai_chai,Alarm,"DB5,D14.1",0,1,1,4,0,0,0,0,0,0,0,0,0,0,0,0,0,0,0,0,0,0,0,0,0,0,0,0,0
0114,Bangtai_chai,Alarm,"DB5,D14.2",0,1,1,4,0,0,0,0,0,0,0,0,0,0,0,0,0,0,0,0,0,0,0,0,0,0,0,0,0
0146,Bangtai_chai,Alarm,"DB5,D18.2",0,1,1,4,0,0,0,0,0,0,0,0,0,0,0,0,0,0,0,0,0,0,0,0,0,0,0,0,0
0164,Bangtai_chai,Alarm,"DB5,D20.4",0,1,1,4,0,0,0,0,0,0,0,0,0,0,0,0,0,0,0,0,0,0,0,0,0,0,0,0,0
0167,Bangtai_chai,Alarm,"DB5,D20.7",0,1,1,4,0,0,0,0,0,0,0,0,0,0,0,0,0,0,0,0,0,0,0,0,0,0,0,0,0
0183,Bangtai_chai,Alarm,"DB5,D22.7",0,1,1,4,0,0,0,0,0,0,0,0,0,0,0,0,0,0,0,0,0,0,0,0,0,0,0,0,0
0203,Bangtai_chai,Alarm,"DB5,D25.3",0,1,1,4,0,0,0,0,0,0,0,0,0,0,0,0,0,0,0,0,0,0,0,0,0,0,0,0,0
0206,Bangtai_chai,Alarm,"DB5,D25.6",0,1,1,4,0,0,0,0,0,0,0,0,0,0,0,0,0,0,0,0,0,0,0,0,0,0,0,0,0
0223,Bangtai_chai,Alarm,"DB5,D27.7",0,1,1,4,0,0,0,0,0,0,0,0,0,0,0,0,0,0,0,0,0,0,0,0,0,0,0,0,0
0224,Bangtai_chai,Alarm,"DB5,D28.0",0,1,1,4,0,0,0,0,0,0,0,0,0,0,0,0,0,0,0,0,0,0,0,0,0,0,0,0,0
0231,Bangtai_chai,Alarm,"DB5,D28.7",0,1,1,4,0,0,0,0,0,0,0,0,0,0,0,0,0,0,0,0,0,0,0,0,0,0,0,0,0
0232,Bangtai_chai,Alarm,"DB5,D29.0",0,1,1,4,0,0,0,0,0,0,0,0,0,0,0,0,0,0,0,0,0,0,0,0,0,0,0,0,0
0297,Bangtai_chai,Alarm,"DB5,D37.1",0,1,1,4,0,0,0,0,0,0,0,0,0,0,0,0,0,0,0,0,0,0,0,0,0,0,0,0,0
0299,Bangtai_chai,Alarm,"DB5,D37.3",0,1,1,4,0,0,0,0,0,0,0,0,0,0,0,0,0,0,0,0,0,0,0,0,0,0,0,0,0
0301,Bangtai_chai,Alarm,"DB5,D37.5",0,1,1,4,0,0,0,0,0,0,0,0,0,0,0,0,0,0,0,0,0,0,0,0,0,0,0,0,0
0342,Bangtai_chai,Alarm,"DB5,D42.6",0,1,1,4,0,0,0,0,0,0,0,0,0,0,0,0,0,0,0,0,0,0,0,0,0,0,0,0,0
0347,Bangtai_chai,Alarm,"DB5,D43.3",0,1,1,4,0,0,0,0,0,0,0,0,0,0,0,0,0,0,0,0,0,0,0,0,0,0,0,0,0
0349,Bangtai_chai,Alarm,"DB5,D43.5",0,1,1,4,0,0,0,0,0,0,0,0,0,0,0,0,0,0,0,0,0,0,0,0,0,0,0,0,0
0351,Bangtai_chai,Alarm,"DB5,D43.7",0,1,1,4,0,0,0,0,0,0,0,0,0,0,0,0,0,0,0,0,0,0,0,0,0,0,0,0,0
0354,Bangtai_chai,Alarm,"DB5,D44.2",0,1,1,4,0,0,0,0,0,0,0,0,0,0,0,0,0,0,0,0,0,0,0,0,0,0,0,0,0
0356,Bangtai_chai,Alarm,"DB5,D44.4",0,1,1,4,0,0,0,0,0,0,0,0,0,0,0,0,0,0,0,0,0,0,0,0,0,0,0,0,0
0388,Bangtai_chai,Alarm,"DB5,D48.4",0,1,1,4,0,0,0,0,0,0,0,0,0,0,0,0,0,0,0,0,0,0,0,0,0,0,0,0,0
0416,Bangtai_chai,Alarm,"DB5,D52.0",0,1,1,4,0,0,0,0,0,0,0,0,0,0,0,0,0,0,0,0,0,0,0,0,0,0,0,0,0
0426,Bangtai_chai,Alarm,"DB5,D53.2",0,1,1,4,0,0,0,0,0,0,0,0,0,0,0,0,0,0,0,0,0,0,0,0,0,0,0,0,0
0566,Bangtai_chai,Alarm,"DB5,D70.6",0,1,1,4,0,0,0,0,0,0,0,0,0,0,0,0,0,0,0,0,0,0,0,0,0,0,0,0,0
Warm0001,Bangtai_chai,Alarm,"DB5,D140.1",0,1,1,4,0,0,0,0,0,0,0,0,0,0,0,0,0,0,0,0,0,0,0,0,0,0,0,0,0
Warm0065,Bangtai_chai,Alarm,"DB5,D148.1",0,1,1,4,0,0,0,0,0,0,0,0,0,0,0,0,0,0,0,0,0,0,0,0,0,0,0,0,0
Warm0069,Bangtai_chai,Alarm,"DB5,D148.5",0,1,1,4,0,0,0,0,0,0,0,0,0,0,0,0,0,0,0,0,0,0,0,0,0,0,0,0,0
Warm0099,Bangtai_chai,Alarm,"DB5,D152.3",0,1,1,4,0,0,0,0,0,0,0,0,0,0,0,0,0,0,0,0,0,0,0,0,0,0,0,0,0
Warm0100,Bangtai_chai,Alarm,"DB5,D152.4",0,1,1,4,0,0,0,0,0,0,0,0,0,0,0,0,0,0,0,0,0,0,0,0,0,0,0,0,0
Warm0101,Bangtai_chai,Alarm,"DB5,D152.5",0,1,1,4,0,0,0,0,0,0,0,0,0,0,0,0,0,0,0,0,0,0,0,0,0,0,0,0,0
Warm0104,Bangtai_chai,Alarm,"DB5,D153.0",0,1,1,4,0,0,0,0,0,0,0,0,0,0,0,0,0,0,0,0,0,0,0,0,0,0,0,0,0
Note0006,Bangtai_chai,Alarm,"DB5,D180.6",0,1,1,4,0,0,0,0,0,0,0,0,0,0,0,0,0,0,0,0,0,0,0,0,0,0,0,0,0
Text5,Bangtai_ket,Alarm_btket,"DB5,D0.5",0,1,1,4,0,0,0,0,0,0,0,0,0,0,0,0,0,0,0,0,0,0,0,0,0,0,0,0,0
Text7,Bangtai_ket,Alarm_btket,"DB5,D0.7",0,1,1,4,0,0,0,0,0,0,0,0,0,0,0,0,0,0,0,0,0,0,0,0,0,0,0,0,0
Text16,Bangtai_ket,Alarm_btket,"DB5,D1.6",0,1,1,4,0,0,0,0,0,0,0,0,0,0,0,0,0,0,0,0,0,0,0,0,0,0,0,0,0
Text174,Bangtai_ket,Alarm_btket,"DB5,D17.4",0,1,1,4,0,0,0,0,0,0,0,0,0,0,0,0,0,0,0,0,0,0,0,0,0,0,0,0,0
Text175,Bangtai_ket,Alarm_btket,"DB5,D17.5",0,1,1,4,0,0,0,0,0,0,0,0,0,0,0,0,0,0,0,0,0,0,0,0,0,0,0,0,0
Text176,Bangtai_ket,Alarm_btket,"DB5,D17.6",0,1,1,4,0,0,0,0,0,0,0,0,0,0,0,0,0,0,0,0,0,0,0,0,0,0,0,0,0
Text226,Bangtai_ket,Alarm_btket,"DB5,D22.6",0,1,1,4,0,0,0,0,0,0,0,0,0,0,0,0,0,0,0,0,0,0,0,0,0,0,0,0,0
Text236,Bangtai_ket,Alarm_btket,"DB5,D23.6",0,1,1,4,0,0,0,0,0,0,0,0,0,0,0,0,0,0,0,0,0,0,0,0,0,0,0,0,0
Text237,Bangtai_ket,Alarm_btket,"DB5,D23.7",0,1,1,4,0,0,0,0,0,0,0,0,0,0,0,0,0,0,0,0,0,0,0,0,0,0,0,0,0
Text350,Bangtai_ket,Alarm_btket,"DB5,D35.0",0,1,1,4,0,0,0,0,0,0,0,0,0,0,0,0,0,0,0,0,0,0,0,0,0,0,0,0,0
Text555,Bangtai_ket,Alarm_btket,"DB5,D55.5",0,1,1,4,0,0,0,0,0,0,0,0,0,0,0,0,0,0,0,0,0,0,0,0,0,0,0,0,0
Text563,Bangtai_ket,Alarm_btket,"DB5,D56.3",0,1,1,4,0,0,0,0,0,0,0,0,0,0,0,0,0,0,0,0,0,0,0,0,0,0,0,0,0
Text631,Bangtai_ket,Alarm_btket,"DB5,D63.1",0,1,1,4,0,0,0,0,0,0,0,0,0,0,0,0,0,0,0,0,0,0,0,0,0,0,0,0,0
Text644,Bangtai_ket,Alarm_btket,"DB5,D64.4",0,1,1,4,0,0,0,0,0,0,0,0,0,0,0,0,0,0,0,0,0,0,0,0,0,0,0,0,0
Text645,Bangtai_ket,Alarm_btket,"DB5,D64.5",0,1,1,4,0,0,0,0,0,0,0,0,0,0,0,0,0,0,0,0,0,0,0,0,0,0,0,0,0
Text646,Bangtai_ket,Alarm_btket,"DB5,D64.6",0,1,1,4,0,0,0,0,0,0,0,0,0,0,0,0,0,0,0,0,0,0,0,0,0,0,0,0,0
Text647,Bangtai_ket,Alarm_btket,"DB5,D64.7",0,1,1,4,0,0,0,0,0,0,0,0,0,0,0,0,0,0,0,0,0,0,0,0,0,0,0,0,0
Text654,Bangtai_ket,Alarm_btket,"DB5,D65.4",0,1,1,4,0,0,0,0,0,0,0,0,0,0,0,0,0,0,0,0,0,0,0,0,0,0,0,0,0
Text655,Bangtai_ket,Alarm_btket,"DB5,D65.5",0,1,1,4,0,0,0,0,0,0,0,0,0,0,0,0,0,0,0,0,0,0,0,0,0,0,0,0,0
Text660,Bangtai_ket,Alarm_btket,"DB5,D66.0",0,1,1,4,0,0,0,0,0,0,0,0,0,0,0,0,0,0,0,0,0,0,0,0,0,0,0,0,0
Text661,Bangtai_ket,Alarm_btket,"DB5,D66.1",0,1,1,4,0,0,0,0,0,0,0,0,0,0,0,0,0,0,0,0,0,0,0,0,0,0,0,0,0
Text662,Bangtai_ket,Alarm_btket,"DB5,D66.2",0,1,1,4,0,0,0,0,0,0,0,0,0,0,0,0,0,0,0,0,0,0,0,0,0,0,0,0,0
Text663,Bangtai_ket,Alarm_btket,"DB5,D66.3",0,1,1,4,0,0,0,0,0,0,0,0,0,0,0,0,0,0,0,0,0,0,0,0,0,0,0,0,0
Text674,Bangtai_ket,Alarm_btket,"DB5,D67.4",0,1,1,4,0,0,0,0,0,0,0,0,0,0,0,0,0,0,0,0,0,0,0,0,0,0,0,0,0
Text675,Bangtai_ket,Alarm_btket,"DB5,D67.5",0,1,1,4,0,0,0,0,0,0,0,0,0,0,0,0,0,0,0,0,0,0,0,0,0,0,0,0,0
Text676,Bangtai_ket,Alarm_btket,"DB5,D67.6",0,1,1,4,0,0,0,0,0,0,0,0,0,0,0,0,0,0,0,0,0,0,0,0,0,0,0,0,0
Text677,Bangtai_ket,Alarm_btket,"DB5,D67.7",0,1,1,4,0,0,0,0,0,0,0,0,0,0,0,0,0,0,0,0,0,0,0,0,0,0,0,0,0
Text684,Bangtai_ket,Alarm_btket,"DB5,D68.4",0,1,1,4,0,0,0,0,0,0,0,0,0,0,0,0,0,0,0,0,0,0,0,0,0,0,0,0,0
Text685,Bangtai_ket,Alarm_btket,"DB5,D68.5",0,1,1,4,0,0,0,0,0,0,0,0,0,0,0,0,0,0,0,0,0,0,0,0,0,0,0,0,0
Text690,Bangtai_ket,Alarm_btket,"DB5,D69.0",0,1,1,4,0,0,0,0,0,0,0,0,0,0,0,0,0,0,0,0,0,0,0,0,0,0,0,0,0
Text691,Bangtai_ket,Alarm_btket,"DB5,D69.1",0,1,1,4,0,0,0,0,0,0,0,0,0,0,0,0,0,0,0,0,0,0,0,0,0,0,0,0,0
Text692,Bangtai_ket,Alarm_btket,"DB5,D69.2",0,1,1,4,0,0,0,0,0,0,0,0,0,0,0,0,0,0,0,0,0,0,0,0,0,0,0,0,0
Text693,Bangtai_ket,Alarm_btket,"DB5,D69.3",0,1,1,4,0,0,0,0,0,0,0,0,0,0,0,0,0,0,0,0,0,0,0,0,0,0,0,0,0
Text704,Bangtai_ket,Alarm_btket,"DB5,D70.4",0,1,1,4,0,0,0,0,0,0,0,0,0,0,0,0,0,0,0,0,0,0,0,0,0,0,0,0,0
Text705,Bangtai_ket,Alarm_btket,"DB5,D70.5",0,1,1,4,0,0,0,0,0,0,0,0,0,0,0,0,0,0,0,0,0,0,0,0,0,0,0,0,0
Text706,Bangtai_ket,Alarm_btket,"DB5,D70.6",0,1,1,4,0,0,0,0,0,0,0,0,0,0,0,0,0,0,0,0,0,0,0,0,0,0,0,0,0
Text707,Bangtai_ket,Alarm_btket,"DB5,D70.7",0,1,1,4,0,0,0,0,0,0,0,0,0,0,0,0,0,0,0,0,0,0,0,0,0,0,0,0,0
Text710,Bangtai_ket,Alarm_btket,"DB5,D71.0",0,1,1,4,0,0,0,0,0,0,0,0,0,0,0,0,0,0,0,0,0,0,0,0,0,0,0,0,0
Text724,Bangtai_ket,Alarm_btket,"DB5,D72.4",0,1,1,4,0,0,0,0,0,0,0,0,0,0,0,0,0,0,0,0,0,0,0,0,0,0,0,0,0
Text726,Bangtai_ket,Alarm_btket,"DB5,D72.6",0,1,1,4,0,0,0,0,0,0,0,0,0,0,0,0,0,0,0,0,0,0,0,0,0,0,0,0,0
Text732,Bangtai_ket,Alarm_btket,"DB5,D73.2",0,1,1,4,0,0,0,0,0,0,0,0,0,0,0,0,0,0,0,0,0,0,0,0,0,0,0,0,0
Text755,Bangtai_ket,Alarm_btket,"DB5,D75.5",0,1,1,4,0,0,0,0,0,0,0,0,0,0,0,0,0,0,0,0,0,0,0,0,0,0,0,0,0
Text800,Bangtai_ket,Alarm_btket,"DB5,D80.0",0,1,1,4,0,0,0,0,0,0,0,0,0,0,0,0,0,0,0,0,0,0,0,0,0,0,0,0,0
Text802,Bangtai_ket,Alarm_btket,"DB5,D80.2",0,1,1,4,0,0,0,0,0,0,0,0,0,0,0,0,0,0,0,0,0,0,0,0,0,0,0,0,0
Text804,Bangtai_ket,Alarm_btket,"DB5,D80.4",0,1,1,4,0,0,0,0,0,0,0,0,0,0,0,0,0,0,0,0,0,0,0,0,0,0,0,0,0
Text1024,Bangtai_ket,Alarm_btket,"DB5,D102.4",0,1,1,4,0,0,0,0,0,0,0,0,0,0,0,0,0,0,0,0,0,0,0,0,0,0,0,0,0
Text1025,Bangtai_ket,Alarm_btket,"DB5,D102.5",0,1,1,4,0,0,0,0,0,0,0,0,0,0,0,0,0,0,0,0,0,0,0,0,0,0,0,0,0
Text1401,Bangtai_ket,Alarm_btket,"DB5,D140.1",0,1,1,4,0,0,0,0,0,0,0,0,0,0,0,0,0,0,0,0,0,0,0,0,0,0,0,0,0
Text1406,Bangtai_ket,Alarm_btket,"DB5,D140.6",0,1,1,4,0,0,0,0,0,0,0,0,0,0,0,0,0,0,0,0,0,0,0,0,0,0,0,0,0
Text1481,Bangtai_ket,Alarm_btket,"DB5,D148.1",0,1,1,4,0,0,0,0,0,0,0,0,0,0,0,0,0,0,0,0,0,0,0,0,0,0,0,0,0
Text1503,Bangtai_ket,Alarm_btket,"DB5,D150.3",0,1,1,4,0,0,0,0,0,0,0,0,0,0,0,0,0,0,0,0,0,0,0,0,0,0,0,0,0
Text1504,Bangtai_ket,Alarm_btket,"DB5,D150.4",0,1,1,4,0,0,0,0,0,0,0,0,0,0,0,0,0,0,0,0,0,0,0,0,0,0,0,0,0
Text1566,Bangtai_ket,Alarm_btket,"DB5,D156.6",0,1,1,4,0,0,0,0,0,0,0,0,0,0,0,0,0,0,0,0,0,0,0,0,0,0,0,0,0
Text1572,Bangtai_ket,Alarm_btket,"DB5,D157.2",0,1,1,4,0,0,0,0,0,0,0,0,0,0,0,0,0,0,0,0,0,0,0,0,0,0,0,0,0
Text1622,Bangtai_ket,Alarm_btket,"DB5,D162.2",0,1,1,4,0,0,0,0,0,0,0,0,0,0,0,0,0,0,0,0,0,0,0,0,0,0,0,0,0
Text1624,Bangtai_ket,Alarm_btket,"DB5,D162.4",0,1,1,4,0,0,0,0,0,0,0,0,0,0,0,0,0,0,0,0,0,0,0,0,0,0,0,0,0
Text1841,Bangtai_ket,Alarm_btket,"DB5,D184.1",0,1,1,4,0,0,0,0,0,0,0,0,0,0,0,0,0,0,0,0,0,0,0,0,0,0,0,0,0
Text1847,Bangtai_ket,Alarm_btket,"DB5,D184.7",0,1,1,4,0,0,0,0,0,0,0,0,0,0,0,0,0,0,0,0,0,0,0,0,0,0,0,0,0
Text1863,Bangtai_ket,Alarm_btket,"DB5,D186.3",0,1,1,4,0,0,0,0,0,0,0,0,0,0,0,0,0,0,0,0,0,0,0,0,0,0,0,0,0
Text1890,Bangtai_ket,Alarm_btket,"DB5,D189.0",0,1,1,4,0,0,0,0,0,0,0,0,0,0,0,0,0,0,0,0,0,0,0,0,0,0,0,0,0
T05,Daychuyen_pallet,Alarm_pallet,"DB5,D0.5",0,1,1,4,0,0,0,0,0,0,0,0,0,0,0,0,0,0,0,0,0,0,0,0,0,0,0,0,0
T07,Daychuyen_pallet,Alarm_pallet,"DB5,D0.7",0,1,1,4,0,0,0,0,0,0,0,0,0,0,0,0,0,0,0,0,0,0,0,0,0,0,0,0,0
T121,Daychuyen_pallet,Alarm_pallet,"DB5,D12.1",0,1,1,4,0,0,0,0,0,0,0,0,0,0,0,0,0,0,0,0,0,0,0,0,0,0,0,0,0
T122,Daychuyen_pallet,Alarm_pallet,"DB5,D12.2",0,1,1,4,0,0,0,0,0,0,0,0,0,0,0,0,0,0,0,0,0,0,0,0,0,0,0,0,0
T123,Daychuyen_pallet,Alarm_pallet,"DB5,D12.3",0,1,1,4,0,0,0,0,0,0,0,0,0,0,0,0,0,0,0,0,0,0,0,0,0,0,0,0,0
T157,Daychuyen_pallet,Alarm_pallet,"DB5,D15.7",0,1,1,4,0,0,0,0,0,0,0,0,0,0,0,0,0,0,0,0,0,0,0,0,0,0,0,0,0
T172,Daychuyen_pallet,Alarm_pallet,"DB5,D17.2",0,1,1,4,0,0,0,0,0,0,0,0,0,0,0,0,0,0,0,0,0,0,0,0,0,0,0,0,0
T180,Daychuyen_pallet,Alarm_pallet,"DB5,D18.0",0,1,1,4,0,0,0,0,0,0,0,0,0,0,0,0,0,0,0,0,0,0,0,0,0,0,0,0,0
T183,Daychuyen_pallet,Alarm_pallet,"DB5,D18.3",0,1,1,4,0,0,0,0,0,0,0,0,0,0,0,0,0,0,0,0,0,0,0,0,0,0,0,0,0
T186,Daychuyen_pallet,Alarm_pallet,"DB5,D18.6",0,1,1,4,0,0,0,0,0,0,0,0,0,0,0,0,0,0,0,0,0,0,0,0,0,0,0,0,0
T191,Daychuyen_pallet,Alarm_pallet,"DB5,D19.1",0,1,1,4,0,0,0,0,0,0,0,0,0,0,0,0,0,0,0,0,0,0,0,0,0,0,0,0,0
T197,Daychuyen_pallet,Alarm_pallet,"DB5,D19.7",0,1,1,4,0,0,0,0,0,0,0,0,0,0,0,0,0,0,0,0,0,0,0,0,0,0,0,0,0
T202,Daychuyen_pallet,Alarm_pallet,"DB5,D20.2",0,1,1,4,0,0,0,0,0,0,0,0,0,0,0,0,0,0,0,0,0,0,0,0,0,0,0,0,0
T205,Daychuyen_pallet,Alarm_pallet,"DB5,D20.5",0,1,1,4,0,0,0,0,0,0,0,0,0,0,0,0,0,0,0,0,0,0,0,0,0,0,0,0,0
T336,Daychuyen_pallet,Alarm_pallet,"DB5,D33.6",0,1,1,4,0,0,0,0,0,0,0,0,0,0,0,0,0,0,0,0,0,0,0,0,0,0,0,0,0
T600,Daychuyen_pallet,Alarm_pallet,"DB5,D60.0",0,1,1,4,0,0,0,0,0,0,0,0,0,0,0,0,0,0,0,0,0,0,0,0,0,0,0,0,0
T601,Daychuyen_pallet,Alarm_pallet,"DB5,D60.1",0,1,1,4,0,0,0,0,0,0,0,0,0,0,0,0,0,0,0,0,0,0,0,0,0,0,0,0,0
T602,Daychuyen_pallet,Alarm_pallet,"DB5,D60.2",0,1,1,4,0,0,0,0,0,0,0,0,0,0,0,0,0,0,0,0,0,0,0,0,0,0,0,0,0
T603,Daychuyen_pallet,Alarm_pallet,"DB5,D60.3",0,1,1,4,0,0,0,0,0,0,0,0,0,0,0,0,0,0,0,0,0,0,0,0,0,0,0,0,0
T604,Daychuyen_pallet,Alarm_pallet,"DB5,D60.4",0,1,1,4,0,0,0,0,0,0,0,0,0,0,0,0,0,0,0,0,0,0,0,0,0,0,0,0,0
T830,Daychuyen_pallet,Alarm_pallet,"DB5,D83.0",0,1,1,4,0,0,0,0,0,0,0,0,0,0,0,0,0,0,0,0,0,0,0,0,0,0,0,0,0
T831,Daychuyen_pallet,Alarm_pallet,"DB5,D83.1",0,1,1,4,0,0,0,0,0,0,0,0,0,0,0,0,0,0,0,0,0,0,0,0,0,0,0,0,0
T832,Daychuyen_pallet,Alarm_pallet,"DB5,D83.2",0,1,1,4,0,0,0,0,0,0,0,0,0,0,0,0,0,0,0,0,0,0,0,0,0,0,0,0,0
T1401,Daychuyen_pallet,Alarm_pallet,"DB5,D140.1",0,1,1,4,0,0,0,0,0,0,0,0,0,0,0,0,0,0,0,0,0,0,0,0,0,0,0,0,0
T1481,Daychuyen_pallet,Alarm_pallet,"DB5,D148.1",0,1,1,4,0,0,0,0,0,0,0,0,0,0,0,0,0,0,0,0,0,0,0,0,0,0,0,0,0
T1491,Daychuyen_pallet,Alarm_pallet,"DB5,D149.1",0,1,1,4,0,0,0,0,0,0,0,0,0,0,0,0,0,0,0,0,0,0,0,0,0,0,0,0,0
T1492,Daychuyen_pallet,Alarm_pallet,"DB5,D149.2",0,1,1,4,0,0,0,0,0,0,0,0,0,0,0,0,0,0,0,0,0,0,0,0,0,0,0,0,0
T1501,Daychuyen_pallet,Alarm_pallet,"DB5,D150.1",0,1,1,4,0,0,0,0,0,0,0,0,0,0,0,0,0,0,0,0,0,0,0,0,0,0,0,0,0
T1504,Daychuyen_pallet,Alarm_pallet,"DB5,D150.4",0,1,1,4,0,0,0,0,0,0,0,0,0,0,0,0,0,0,0,0,0,0,0,0,0,0,0,0,0
T1505,Daychuyen_pallet,Alarm_pallet,"DB5,D150.5",0,1,1,4,0,0,0,0,0,0,0,0,0,0,0,0,0,0,0,0,0,0,0,0,0,0,0,0,0
T1841,Daychuyen_pallet,Alarm_pallet,"DB5,D184.1",0,1,1,4,0,0,0,0,0,0,0,0,0,0,0,0,0,0,0,0,0,0,0,0,0,0,0,0,0
T1842,Daychuyen_pallet,Alarm_pallet,"DB5,D184.2",0,1,1,4,0,0,0,0,0,0,0,0,0,0,0,0,0,0,0,0,0,0,0,0,0,0,0,0,0
T1895,Daychuyen_pallet,Alarm_pallet,"DB5,D189.5",0,1,1,4,0,0,0,0,0,0,0,0,0,0,0,0,0,0,0,0,0,0,0,0,0,0,0,0,0
ProductCount_Fill,Bangtai_chai,Others,"DB901,DD156",0,7,4,4,0,0,0,0,0,0,0,0,0,0,0,0,0,0,0,0,0,0,0,0,0,0,0,0,0
ProductCount_Label,Bangtai_chai,Others,"DB901,DD164",0,7,4,4,0,0,0,0,0,0,0,0,0,0,0,0,0,0,0,0,0,0,0,0,0,0,0,0,0
Test_lo,Bangtai_chai,Others,"DB901,DD172",0,7,4,4,0,0,0,0,0,0,0,0,0,0,0,0,0,0,0,0,0,0,0,0,0,0,0,0,0
Bit_loai_chai,*,*,*,0,2,1,2,0,0,0,0,0,0,0,0,0,0,0,0,0,0,0,0,0,0,0,0,0,0,0,0,0
BITONOFF_Fill_1s,Bangtai_chai,Others,"DB901,D176.0",0,1,1,4,0,0,0,0,0,0,0,0,0,0,0,0,0,0,0,0,0,0,0,0,0,0,0,0,0
Status_loader,*,*,*,0,5,2,2,0,0,0,0,0,0,0,0,0,0,0,0,0,0,0,0,0,0,0,0,0,0,0,0,0
Status_unloader,*,*,*,0,5,2,2,0,0,0,0,0,0,0,0,0,0,0,0,0,0,0,0,0,0,0,0,0,0,0,0,0
ActualTime_Unloader,Daychuyen_pallet,*,"DB708,DD10",0,7,4,4,0,0,0,0,0,0,0,0,0,0,0,0,0,0,0,0,0,0,0,0,0,0,0,0,0
StopTime_Unloader,Daychuyen_pallet,*,"DB708,DD34",0,7,4,4,0,0,0,0,0,0,0,0,0,0,0,0,0,0,0,0,0,0,0,0,0,0,0,0,0
Capacity_Unloader,Daychuyen_pallet,*,"DB708,DD18",0,8,4,4,0,0,0,0,0,0,0,0,0,0,0,0,0,0,0,0,0,0,0,0,0,0,0,0,0
ActualTime_Loader,Daychuyen_pallet,*,"DB708,DD22",0,7,4,4,0,0,0,0,0,0,0,0,0,0,0,0,0,0,0,0,0,0,0,0,0,0,0,0,0
StopTime_Loader,Daychuyen_pallet,*,"DB708,DD38",0,7,4,4,0,0,0,0,0,0,0,0,0,0,0,0,0,0,0,0,0,0,0,0,0,0,0,0,0
Capacity_Loader,Daychuyen_pallet,*,"DB708,DD30",0,8,4,4,0,0,0,0,0,0,0,0,0,0,0,0,0,0,0,0,0,0,0,0,0,0,0,0,0
Start_Time_set,Daychuyen_pallet,*,"DB708,D0.0",0,1,1,4,0,0,0,0,0,0,0,0,0,0,0,0,0,0,0,0,0,0,0,0,0,0,0,0,0
Capacity_Fill_2,Bangtai_chai,Others,"DB901,DD10",0,8,4,4,0,0,0,0,0,0,0,0,0,0,0,0,0,0,0,0,0,0,0,0,0,0,0,0,0
TEXT_NOTE,*,*,*,0,11,510,2,0,0,0,0,0,0,0,0,0,0,0,0,0,0,0,0,0,0,0,0,0,0,0,0,0
ON_Filler_machine,Bangtai_chai,Others,"DB901,D176.1",0,1,1,4,0,0,0,0,0,0,0,0,0,0,0,0,0,0,0,0,0,0,0,0,0,0,0,0,0
ON_Labeler_machine,Bangtai_chai,Others,"DB901,D176.2",0,1,1,4,0,0,0,0,0,0,0,0,0,0,0,0,0,0,0,0,0,0,0,0,0,0,0,0,0
Capacity_Label_2,Bangtai_chai,Others,"DB901,DD202",0,8,4,4,0,0,0,0,0,0,0,0,0,0,0,0,0,0,0,0,0,0,0,0,0,0,0,0,0
Input_conveyor_motor_1,Mayrua,*,"DB100,D13.0",0,1,1,4,0,0,0,0,0,0,0,0,0,0,0,0,0,0,0,0,0,0,0,0,0,0,0,0,0
Input_conveyor_motor_2,Mayrua,*,"DB100,D13.3",0,1,1,4,0,0,0,0,0,0,0,0,0,0,0,0,0,0,0,0,0,0,0,0,0,0,0,0,0
Output_conveyor_motor,Mayrua,*,"DB100,D19.2",0,1,1,4,0,0,0,0,0,0,0,0,0,0,0,0,0,0,0,0,0,0,0,0,0,0,0,0,0
Lack_infeed_2,Bangtai_chai,Communication,"A120.1",0,1,1,4,0,0,0,0,0,0,0,0,0,0,0,0,0,0,0,0,0,0,0,0,0,0,0,0,0
Lack_infeed_1,Bangtai_chai,Communication,"A120.2",0,1,1,4,0,0,0,0,0,0,0,0,0,0,0,0,0,0,0,0,0,0,0,0,0,0,0,0,0
Back_up_discharge_1,Bangtai_chai,Communication,"A120.3",0,1,1,4,0,0,0,0,0,0,0,0,0,0,0,0,0,0,0,0,0,0,0,0,0,0,0,0,0
Back_up_discharge_2,Bangtai_chai,Communication,"A120.4",0,1,1,4,0,0,0,0,0,0,0,0,0,0,0,0,0,0,0,0,0,0,0,0,0,0,0,0,0
Al_Filler_1,Maychiet,Alarm_filler,"DB5,D14.4",0,1,1,4,0,0,0,0,0,0,0,0,0,0,0,0,0,0,0,0,0,0,0,0,0,0,0,0,0
Al_Filler_2,Maychiet,Alarm_filler,"DB5,D14.5",0,1,1,4,0,0,0,0,0,0,0,0,0,0,0,0,0,0,0,0,0,0,0,0,0,0,0,0,0
Al_Filler_3,Maychiet,Alarm_filler,"DB5,D14.6",0,1,1,4,0,0,0,0,0,0,0,0,0,0,0,0,0,0,0,0,0,0,0,0,0,0,0,0,0
Al_Filler_4,Maychiet,Alarm_filler,"DB5,D16.4",0,1,1,4,0,0,0,0,0,0,0,0,0,0,0,0,0,0,0,0,0,0,0,0,0,0,0,0,0
Al_Filler_5,Maychiet,Alarm_filler,"DB5,D16.5",0,1,1,4,0,0,0,0,0,0,0,0,0,0,0,0,0,0,0,0,0,0,0,0,0,0,0,0,0
Al_Filler_6,Maychiet,Alarm_filler,"DB5,D16.6",0,1,1,4,0,0,0,0,0,0,0,0,0,0,0,0,0,0,0,0,0,0,0,0,0,0,0,0,0
Al_Filler_7,Maychiet,Alarm_filler,"DB5,D16.7",0,1,1,4,0,0,0,0,0,0,0,0,0,0,0,0,0,0,0,0,0,0,0,0,0,0,0,0,0
Al_Filler_8,Maychiet,Alarm_filler,"DB5,D17.0",0,1,1,4,0,0,0,0,0,0,0,0,0,0,0,0,0,0,0,0,0,0,0,0,0,0,0,0,0
Al_Filler_9,Maychiet,Alarm_filler,"DB5,D25.3",0,1,1,4,0,0,0,0,0,0,0,0,0,0,0,0,0,0,0,0,0,0,0,0,0,0,0,0,0
Al_Filler_10,Maychiet,Alarm_filler,"DB5,D25.4",0,1,1,4,0,0,0,0,0,0,0,0,0,0,0,0,0,0,0,0,0,0,0,0,0,0,0,0,0
Al_Filler_11,Maychiet,Alarm_filler,"DB5,D25.5",0,1,1,4,0,0,0,0,0,0,0,0,0,0,0,0,0,0,0,0,0,0,0,0,0,0,0,0,0
Al_Filler_12,Maychiet,Alarm_filler,"DB5,D25.6",0,1,1,4,0,0,0,0,0,0,0,0,0,0,0,0,0,0,0,0,0,0,0,0,0,0,0,0,0
Al_Filler_13,Maychiet,Alarm_filler,"DB5,D25.7",0,1,1,4,0,0,0,0,0,0,0,0,0,0,0,0,0,0,0,0,0,0,0,0,0,0,0,0,0
Al_Filler_14,Maychiet,Alarm_filler,"DB5,D26.2",0,1,1,4,0,0,0,0,0,0,0,0,0,0,0,0,0,0,0,0,0,0,0,0,0,0,0,0,0
Al_Filler_15,Maychiet,Alarm_filler,"DB5,D26.3",0,1,1,4,0,0,0,0,0,0,0,0,0,0,0,0,0,0,0,0,0,0,0,0,0,0,0,0,0
Al_Filler_16,Maychiet,Alarm_filler,"DB5,D26.4",0,1,1,4,0,0,0,0,0,0,0,0,0,0,0,0,0,0,0,0,0,0,0,0,0,0,0,0,0
Al_Filler_17,Maychiet,Alarm_filler,"DB5,D26.5",0,1,1,4,0,0,0,0,0,0,0,0,0,0,0,0,0,0,0,0,0,0,0,0,0,0,0,0,0
Al_Filler_18,Maychiet,Alarm_filler,"DB5,D26.6",0,1,1,4,0,0,0,0,0,0,0,0,0,0,0,0,0,0,0,0,0,0,0,0,0,0,0,0,0
Al_Filler_19,Maychiet,Alarm_filler,"DB5,D27.7",0,1,1,4,0,0,0,0,0,0,0,0,0,0,0,0,0,0,0,0,0,0,0,0,0,0,0,0,0
Al_Filler_20,Maychiet,Alarm_filler,"DB5,D30.0",0,1,1,4,0,0,0,0,0,0,0,0,0,0,0,0,0,0,0,0,0,0,0,0,0,0,0,0,0
Al_Filler_21,Maychiet,Alarm_filler,"DB5,D30.6",0,1,1,4,0,0,0,0,0,0,0,0,0,0,0,0,0,0,0,0,0,0,0,0,0,0,0,0,0
Al_Filler_22,Maychiet,Alarm_filler,"DB5,D44.0",0,1,1,4,0,0,0,0,0,0,0,0,0,0,0,0,0,0,0,0,0,0,0,0,0,0,0,0,0
Al_Filler_23,Maychiet,Alarm_filler,"DB5,D44.7",0,1,1,4,0,0,0,0,0,0,0,0,0,0,0,0,0,0,0,0,0,0,0,0,0,0,0,0,0
Al_Filler_24,Maychiet,Alarm_filler,"DB5,D47.7",0,1,1,4,0,0,0,0,0,0,0,0,0,0,0,0,0,0,0,0,0,0,0,0,0,0,0,0,0
Al_Filler_25,Maychiet,Alarm_filler,"DB5,D52.2",0,1,1,4,0,0,0,0,0,0,0,0,0,0,0,0,0,0,0,0,0,0,0,0,0,0,0,0,0
Al_Filler_26,Maychiet,Alarm_filler,"DB5,D140.6",0,1,1,4,0,0,0,0,0,0,0,0,0,0,0,0,0,0,0,0,0,0,0,0,0,0,0,0,0
Al_Filler_27,Maychiet,Alarm_filler,"DB5,D141.7",0,1,1,4,0,0,0,0,0,0,0,0,0,0,0,0,0,0,0,0,0,0,0,0,0,0,0,0,0
Al_Filler_28,Maychiet,Alarm_filler,"DB5,D152.4",0,1,1,4,0,0,0,0,0,0,0,0,0,0,0,0,0,0,0,0,0,0,0,0,0,0,0,0,0
Al_Filler_29,Maychiet,Alarm_filler,"DB5,D153.2",0,1,1,4,0,0,0,0,0,0,0,0,0,0,0,0,0,0,0,0,0,0,0,0,0,0,0,0,0
Al_Filler_30,Maychiet,Alarm_filler,"DB5,D154.3",0,1,1,4,0,0,0,0,0,0,0,0,0,0,0,0,0,0,0,0,0,0,0,0,0,0,0,0,0
Al_Filler_31,Maychiet,Alarm_filler,"DB5,D154.6",0,1,1,4,0,0,0,0,0,0,0,0,0,0,0,0,0,0,0,0,0,0,0,0,0,0,0,0,0
Al_Filler_32,Maychiet,Alarm_filler,"DB5,D155.0",0,1,1,4,0,0,0,0,0,0,0,0,0,0,0,0,0,0,0,0,0,0,0,0,0,0,0,0,0
Al_Filler_33,Maychiet,Alarm_filler,"DB5,D155.3",0,1,1,4,0,0,0,0,0,0,0,0,0,0,0,0,0,0,0,0,0,0,0,0,0,0,0,0,0
Al_Filler_34,Maychiet,Alarm_filler,"DB5,D159.1",0,1,1,4,0,0,0,0,0,0,0,0,0,0,0,0,0,0,0,0,0,0,0,0,0,0,0,0,0
Al_Filler_35,Maychiet,Alarm_filler,"DB5,D160.6",0,1,1,4,0,0,0,0,0,0,0,0,0,0,0,0,0,0,0,0,0,0,0,0,0,0,0,0,0
Al_Filler_36,Maychiet,Alarm_filler,"DB5,D161.2",0,1,1,4,0,0,0,0,0,0,0,0,0,0,0,0,0,0,0,0,0,0,0,0,0,0,0,0,0
Al_Filler_37,Maychiet,Alarm_filler,"DB5,D161.3",0,1,1,4,0,0,0,0,0,0,0,0,0,0,0,0,0,0,0,0,0,0,0,0,0,0,0,0,0
Al_Filler_38,Maychiet,Alarm_filler,"DB5,D161.7",0,1,1,4,0,0,0,0,0,0,0,0,0,0,0,0,0,0,0,0,0,0,0,0,0,0,0,0,0
Al_Filler_39,Maychiet,Alarm_filler,"DB5,D162.0",0,1,1,4,0,0,0,0,0,0,0,0,0,0,0,0,0,0,0,0,0,0,0,0,0,0,0,0,0
Al_Filler_40,Maychiet,Alarm_filler,"DB5,D165.5",0,1,1,4,0,0,0,0,0,0,0,0,0,0,0,0,0,0,0,0,0,0,0,0,0,0,0,0,0
Al_Filler_41,Maychiet,Alarm_filler,"DB5,D174.1",0,1,1,4,0,0,0,0,0,0,0,0,0,0,0,0,0,0,0,0,0,0,0,0,0,0,0,0,0
Al_Filler_42,Maychiet,Alarm_filler,"DB5,D174.2",0,1,1,4,0,0,0,0,0,0,0,0,0,0,0,0,0,0,0,0,0,0,0,0,0,0,0,0,0
Al_Filler_43,Maychiet,Alarm_filler,"DB5,D174.4",0,1,1,4,0,0,0,0,0,0,0,0,0,0,0,0,0,0,0,0,0,0,0,0,0,0,0,0,0
Al_Filler_44,Maychiet,Alarm_filler,"DB5,D180.6",0,1,1,4,0,0,0,0,0,0,0,0,0,0,0,0,0,0,0,0,0,0,0,0,0,0,0,0,0
Al_Filler_45,Maychiet,Alarm_filler,"DB5,D181.0",0,1,1,4,0,0,0,0,0,0,0,0,0,0,0,0,0,0,0,0,0,0,0,0,0,0,0,0,0
Al_Filler_46,Maychiet,Alarm_filler,"DB5,D184.6",0,1,1,4,0,0,0,0,0,0,0,0,0,0,0,0,0,0,0,0,0,0,0,0,0,0,0,0,0
Al_Filler_47,Maychiet,Alarm_filler,"DB5,D185.5",0,1,1,4,0,0,0,0,0,0,0,0,0,0,0,0,0,0,0,0,0,0,0,0,0,0,0,0,0
Al_Filler_48,Maychiet,Alarm_filler,"DB5,D187.0",0,1,1,4,0,0,0,0,0,0,0,0,0,0,0,0,0,0,0,0,0,0,0,0,0,0,0,0,0
Al_Filler_49,Maychiet,Alarm_filler,"DB5,D187.1",0,1,1,4,0,0,0,0,0,0,0,0,0,0,0,0,0,0,0,0,0,0,0,0,0,0,0,0,0
Al_Filler_50,Maychiet,Alarm_filler,"DB5,D188.4",0,1,1,4,0,0,0,0,0,0,0,0,0,0,0,0,0,0,0,0,0,0,0,0,0,0,0,0,0
Al_Filler_51,Maychiet,Alarm_filler,"DB5,D188.5",0,1,1,4,0,0,0,0,0,0,0,0,0,0,0,0,0,0,0,0,0,0,0,0,0,0,0,0,0
Al_Filler_52,Maychiet,Alarm_filler,"DB5,D189.4",0,1,1,4,0,0,0,0,0,0,0,0,0,0,0,0,0,0,0,0,0,0,0,0,0,0,0,0,0
Al_Filler_53,Maychiet,Alarm_filler,"DB5,D189.5",0,1,1,4,0,0,0,0,0,0,0,0,0,0,0,0,0,0,0,0,0,0,0,0,0,0,0,0,0
Al_Filler_54,Maychiet,Alarm_filler,"DB5,D189.6",0,1,1,4,0,0,0,0,0,0,0,0,0,0,0,0,0,0,0,0,0,0,0,0,0,0,0,0,0
Al_Filler_55,Maychiet,Alarm_filler,"DB5,D192.5",0,1,1,4,0,0,0,0,0,0,0,0,0,0,0,0,0,0,0,0,0,0,0,0,0,0,0,0,0
Al_Filler_56,Maychiet,Alarm_filler,"DB5,D193.0",0,1,1,4,0,0,0,0,0,0,0,0,0,0,0,0,0,0,0,0,0,0,0,0,0,0,0,0,0
Al_Filler_57,Maychiet,Alarm_filler,"DB5,D193.3",0,1,1,4,0,0,0,0,0,0,0,0,0,0,0,0,0,0,0,0,0,0,0,0,0,0,0,0,0
Al_Filler_58,Maychiet,Alarm_filler,"DB5,D194.7",0,1,1,4,0,0,0,0,0,0,0,0,0,0,0,0,0,0,0,0,0,0,0,0,0,0,0,0,0
Al_Filler_59,Maychiet,Alarm_filler,"DB5,D195.0",0,1,1,4,0,0,0,0,0,0,0,0,0,0,0,0,0,0,0,0,0,0,0,0,0,0,0,0,0
Al_Filler_60,Maychiet,Alarm_filler,"DB5,D195.1",0,1,1,4,0,0,0,0,0,0,0,0,0,0,0,0,0,0,0,0,0,0,0,0,0,0,0,0,0
Al_Filler_61,Maychiet,Alarm_filler,"DB5,D197.7",0,1,1,4,0,0,0,0,0,0,0,0,0,0,0,0,0,0,0,0,0,0,0,0,0,0,0,0,0
Al_Filler_62,Maychiet,Alarm_filler,"DB5,D199.5",0,1,1,4,0,0,0,0,0,0,0,0,0,0,0,0,0,0,0,0,0,0,0,0,0,0,0,0,0
Al_Labeller_1,Maydan,Alarm_Labeller,"DB5,D40.3",0,1,1,4,0,0,0,0,0,0,0,0,0,0,0,0,0,0,0,0,0,0,0,0,0,0,0,0,0
Al_Labeller_2,Maydan,Alarm_Labeller,"DB5,D40.4",0,1,1,4,0,0,0,0,0,0,0,0,0,0,0,0,0,0,0,0,0,0,0,0,0,0,0,0,0
Al_Labeller_3,Maydan,Alarm_Labeller,"DB5,D40.5",0,1,1,4,0,0,0,0,0,0,0,0,0,0,0,0,0,0,0,0,0,0,0,0,0,0,0,0,0
Al_Labeller_4,Maydan,Alarm_Labeller,"DB5,D40.7",0,1,1,4,0,0,0,0,0,0,0,0,0,0,0,0,0,0,0,0,0,0,0,0,0,0,0,0,0
Al_Labeller_5,Maydan,Alarm_Labeller,"DB5,D41.0",0,1,1,4,0,0,0,0,0,0,0,0,0,0,0,0,0,0,0,0,0,0,0,0,0,0,0,0,0
Al_Labeller_6,Maydan,Alarm_Labeller,"DB5,D52.3",0,1,1,4,0,0,0,0,0,0,0,0,0,0,0,0,0,0,0,0,0,0,0,0,0,0,0,0,0
Al_Labeller_7,Maydan,Alarm_Labeller,"DB5,D52.5",0,1,1,4,0,0,0,0,0,0,0,0,0,0,0,0,0,0,0,0,0,0,0,0,0,0,0,0,0
Al_Labeller_8,Maydan,Alarm_Labeller,"DB5,D52.6",0,1,1,4,0,0,0,0,0,0,0,0,0,0,0,0,0,0,0,0,0,0,0,0,0,0,0,0,0
Al_Labeller_9,Maydan,Alarm_Labeller,"DB5,D52.7",0,1,1,4,0,0,0,0,0,0,0,0,0,0,0,0,0,0,0,0,0,0,0,0,0,0,0,0,0
Al_Labeller_10,Maydan,Alarm_Labeller,"DB5,D53.1",0,1,1,4,0,0,0,0,0,0,0,0,0,0,0,0,0,0,0,0,0,0,0,0,0,0,0,0,0
Al_Labeller_11,Maydan,Alarm_Labeller,"DB5,D53.7",0,1,1,4,0,0,0,0,0,0,0,0,0,0,0,0,0,0,0,0,0,0,0,0,0,0,0,0,0
Al_Labeller_12,Maydan,Alarm_Labeller,"DB5,D54.0",0,1,1,4,0,0,0,0,0,0,0,0,0,0,0,0,0,0,0,0,0,0,0,0,0,0,0,0,0
Al_Labeller_13,Maydan,Alarm_Labeller,"DB5,D54.1",0,1,1,4,0,0,0,0,0,0,0,0,0,0,0,0,0,0,0,0,0,0,0,0,0,0,0,0,0
Al_Labeller_14,Maydan,Alarm_Labeller,"DB5,D54.2",0,1,1,4,0,0,0,0,0,0,0,0,0,0,0,0,0,0,0,0,0,0,0,0,0,0,0,0,0
Al_Labeller_15,Maydan,Alarm_Labeller,"DB5,D56.4",0,1,1,4,0,0,0,0,0,0,0,0,0,0,0,0,0,0,0,0,0,0,0,0,0,0,0,0,0
Al_Labeller_16,Maydan,Alarm_Labeller,"DB5,D56.5",0,1,1,4,0,0,0,0,0,0,0,0,0,0,0,0,0,0,0,0,0,0,0,0,0,0,0,0,0
Al_Labeller_17,Maydan,Alarm_Labeller,"DB5,D56.6",0,1,1,4,0,0,0,0,0,0,0,0,0,0,0,0,0,0,0,0,0,0,0,0,0,0,0,0,0
Al_Labeller_18,Maydan,Alarm_Labeller,"DB5,D56.7",0,1,1,4,0,0,0,0,0,0,0,0,0,0,0,0,0,0,0,0,0,0,0,0,0,0,0,0,0
Al_Labeller_19,Maydan,Alarm_Labeller,"DB5,D58.7",0,1,1,4,0,0,0,0,0,0,0,0,0,0,0,0,0,0,0,0,0,0,0,0,0,0,0,0,0
Al_Labeller_20,Maydan,Alarm_Labeller,"DB5,D59.0",0,1,1,4,0,0,0,0,0,0,0,0,0,0,0,0,0,0,0,0,0,0,0,0,0,0,0,0,0
Al_Labeller_21,Maydan,Alarm_Labeller,"DB5,D73.5",0,1,1,4,0,0,0,0,0,0,0,0,0,0,0,0,0,0,0,0,0,0,0,0,0,0,0,0,0
Al_Labeller_22,Maydan,Alarm_Labeller,"DB5,D73.6",0,1,1,4,0,0,0,0,0,0,0,0,0,0,0,0,0,0,0,0,0,0,0,0,0,0,0,0,0
Al_Labeller_23,Maydan,Alarm_Labeller,"DB5,D73.7",0,1,1,4,0,0,0,0,0,0,0,0,0,0,0,0,0,0,0,0,0,0,0,0,0,0,0,0,0
Al_Labeller_24,Maydan,Alarm_Labeller,"DB5,D74.0",0,1,1,4,0,0,0,0,0,0,0,0,0,0,0,0,0,0,0,0,0,0,0,0,0,0,0,0,0
Al_Labeller_25,Maydan,Alarm_Labeller,"DB5,D74.3",0,1,1,4,0,0,0,0,0,0,0,0,0,0,0,0,0,0,0,0,0,0,0,0,0,0,0,0,0
Al_Labeller_26,Maydan,Alarm_Labeller,"DB5,D74.4",0,1,1,4,0,0,0,0,0,0,0,0,0,0,0,0,0,0,0,0,0,0,0,0,0,0,0,0,0
Al_Labeller_27,Maydan,Alarm_Labeller,"DB5,D74.5",0,1,1,4,0,0,0,0,0,0,0,0,0,0,0,0,0,0,0,0,0,0,0,0,0,0,0,0,0
Al_Labeller_28,Maydan,Alarm_Labeller,"DB5,D74.6",0,1,1,4,0,0,0,0,0,0,0,0,0,0,0,0,0,0,0,0,0,0,0,0,0,0,0,0,0
Al_Labeller_29,Maydan,Alarm_Labeller,"DB5,D74.7",0,1,1,4,0,0,0,0,0,0,0,0,0,0,0,0,0,0,0,0,0,0,0,0,0,0,0,0,0
Al_Labeller_30,Maydan,Alarm_Labeller,"DB5,D75.4",0,1,1,4,0,0,0,0,0,0,0,0,0,0,0,0,0,0,0,0,0,0,0,0,0,0,0,0,0
Al_Labeller_31,Maydan,Alarm_Labeller,"DB5,D75.5",0,1,1,4,0,0,0,0,0,0,0,0,0,0,0,0,0,0,0,0,0,0,0,0,0,0,0,0,0
Al_Labeller_32,Maydan,Alarm_Labeller,"DB5,D75.6",0,1,1,4,0,0,0,0,0,0,0,0,0,0,0,0,0,0,0,0,0,0,0,0,0,0,0,0,0
Al_Labeller_33,Maydan,Alarm_Labeller,"DB5,D75.7",0,1,1,4,0,0,0,0,0,0,0,0,0,0,0,0,0,0,0,0,0,0,0,0,0,0,0,0,0
Al_Labeller_34,Maydan,Alarm_Labeller,"DB5,D76.4",0,1,1,4,0,0,0,0,0,0,0,0,0,0,0,0,0,0,0,0,0,0,0,0,0,0,0,0,0
Al_Labeller_35,Maydan,Alarm_Labeller,"DB5,D76.5",0,1,1,4,0,0,0,0,0,0,0,0,0,0,0,0,0,0,0,0,0,0,0,0,0,0,0,0,0
Al_Labeller_36,Maydan,Alarm_Labeller,"DB5,D76.6",0,1,1,4,0,0,0,0,0,0,0,0,0,0,0,0,0,0,0,0,0,0,0,0,0,0,0,0,0
Al_Labeller_37,Maydan,Alarm_Labeller,"DB5,D78.3",0,1,1,4,0,0,0,0,0,0,0,0,0,0,0,0,0,0,0,0,0,0,0,0,0,0,0,0,0
Al_Labeller_38,Maydan,Alarm_Labeller,"DB5,D78.4",0,1,1,4,0,0,0,0,0,0,0,0,0,0,0,0,0,0,0,0,0,0,0,0,0,0,0,0,0
Al_Labeller_39,Maydan,Alarm_Labeller,"DB5,D78.5",0,1,1,4,0,0,0,0,0,0,0,0,0,0,0,0,0,0,0,0,0,0,0,0,0,0,0,0,0
Al_Labeller_40,Maydan,Alarm_Labeller,"DB5,D78.6",0,1,1,4,0,0,0,0,0,0,0,0,0,0,0,0,0,0,0,0,0,0,0,0,0,0,0,0,0
Al_Labeller_41,Maydan,Alarm_Labeller,"DB5,D78.7",0,1,1,4,0,0,0,0,0,0,0,0,0,0,0,0,0,0,0,0,0,0,0,0,0,0,0,0,0
Al_Labeller_42,Maydan,Alarm_Labeller,"DB5,D79.0",0,1,1,4,0,0,0,0,0,0,0,0,0,0,0,0,0,0,0,0,0,0,0,0,0,0,0,0,0
Al_Labeller_43,Maydan,Alarm_Labeller,"DB5,D79.1",0,1,1,4,0,0,0,0,0,0,0,0,0,0,0,0,0,0,0,0,0,0,0,0,0,0,0,0,0
Al_Labeller_44,Maydan,Alarm_Labeller,"DB5,D79.3",0,1,1,4,0,0,0,0,0,0,0,0,0,0,0,0,0,0,0,0,0,0,0,0,0,0,0,0,0
Al_Labeller_45,Maydan,Alarm_Labeller,"DB5,D79.4",0,1,1,4,0,0,0,0,0,0,0,0,0,0,0,0,0,0,0,0,0,0,0,0,0,0,0,0,0
Al_Labeller_46,Maydan,Alarm_Labeller,"DB5,D79.5",0,1,1,4,0,0,0,0,0,0,0,0,0,0,0,0,0,0,0,0,0,0,0,0,0,0,0,0,0
Al_Labeller_47,Maydan,Alarm_Labeller,"DB5,D79.6",0,1,1,4,0,0,0,0,0,0,0,0,0,0,0,0,0,0,0,0,0,0,0,0,0,0,0,0,0
Al_Labeller_48,Maydan,Alarm_Labeller,"DB5,D79.7",0,1,1,4,0,0,0,0,0,0,0,0,0,0,0,0,0,0,0,0,0,0,0,0,0,0,0,0,0
Al_Labeller_49,Maydan,Alarm_Labeller,"DB5,D80.0",0,1,1,4,0,0,0,0,0,0,0,0,0,0,0,0,0,0,0,0,0,0,0,0,0,0,0,0,0
Al_Labeller_50,Maydan,Alarm_Labeller,"DB5,D80.1",0,1,1,4,0,0,0,0,0,0,0,0,0,0,0,0,0,0,0,0,0,0,0,0,0,0,0,0,0
Al_Labeller_51,Maydan,Alarm_Labeller,"DB5,D80.3",0,1,1,4,0,0,0,0,0,0,0,0,0,0,0,0,0,0,0,0,0,0,0,0,0,0,0,0,0
Al_Labeller_52,Maydan,Alarm_Labeller,"DB5,D80.6",0,1,1,4,0,0,0,0,0,0,0,0,0,0,0,0,0,0,0,0,0,0,0,0,0,0,0,0,0
Al_Labeller_53,Maydan,Alarm_Labeller,"DB5,D84.6",0,1,1,4,0,0,0,0,0,0,0,0,0,0,0,0,0,0,0,0,0,0,0,0,0,0,0,0,0
Al_Labeller_54,Maydan,Alarm_Labeller,"DB5,D88.3",0,1,1,4,0,0,0,0,0,0,0,0,0,0,0,0,0,0,0,0,0,0,0,0,0,0,0,0,0
Al_Labeller_55,Maydan,Alarm_Labeller,"DB5,D88.4",0,1,1,4,0,0,0,0,0,0,0,0,0,0,0,0,0,0,0,0,0,0,0,0,0,0,0,0,0
Al_Labeller_56,Maydan,Alarm_Labeller,"DB5,D88.5",0,1,1,4,0,0,0,0,0,0,0,0,0,0,0,0,0,0,0,0,0,0,0,0,0,0,0,0,0
Al_Labeller_57,Maydan,Alarm_Labeller,"DB5,D88.6",0,1,1,4,0,0,0,0,0,0,0,0,0,0,0,0,0,0,0,0,0,0,0,0,0,0,0,0,0
Al_Labeller_58,Maydan,Alarm_Labeller,"DB5,D88.7",0,1,1,4,0,0,0,0,0,0,0,0,0,0,0,0,0,0,0,0,0,0,0,0,0,0,0,0,0
Al_Labeller_59,Maydan,Alarm_Labeller,"DB5,D89.0",0,1,1,4,0,0,0,0,0,0,0,0,0,0,0,0,0,0,0,0,0,0,0,0,0,0,0,0,0
Al_Labeller_60,Maydan,Alarm_Labeller,"DB5,D89.1",0,1,1,4,0,0,0,0,0,0,0,0,0,0,0,0,0,0,0,0,0,0,0,0,0,0,0,0,0
Al_Labeller_61,Maydan,Alarm_Labeller,"DB5,D89.2",0,1,1,4,0,0,0,0,0,0,0,0,0,0,0,0,0,0,0,0,0,0,0,0,0,0,0,0,0
Al_Labeller_62,Maydan,Alarm_Labeller,"DB5,D89.3",0,1,1,4,0,0,0,0,0,0,0,0,0,0,0,0,0,0,0,0,0,0,0,0,0,0,0,0,0
Al_Labeller_63,Maydan,Alarm_Labeller,"DB5,D89.4",0,1,1,4,0,0,0,0,0,0,0,0,0,0,0,0,0,0,0,0,0,0,0,0,0,0,0,0,0
Al_Labeller_64,Maydan,Alarm_Labeller,"DB5,D89.5",0,1,1,4,0,0,0,0,0,0,0,0,0,0,0,0,0,0,0,0,0,0,0,0,0,0,0,0,0
Al_Labeller_65,Maydan,Alarm_Labeller,"DB5,D89.6",0,1,1,4,0,0,0,0,0,0,0,0,0,0,0,0,0,0,0,0,0,0,0,0,0,0,0,0,0
Al_Labeller_66,Maydan,Alarm_Labeller,"DB5,D89.7",0,1,1,4,0,0,0,0,0,0,0,0,0,0,0,0,0,0,0,0,0,0,0,0,0,0,0,0,0
Al_Labeller_67,Maydan,Alarm_Labeller,"DB5,D90.0",0,1,1,4,0,0,0,0,0,0,0,0,0,0,0,0,0,0,0,0,0,0,0,0,0,0,0,0,0
Al_Labeller_68,Maydan,Alarm_Labeller,"DB5,D90.1",0,1,1,4,0,0,0,0,0,0,0,0,0,0,0,0,0,0,0,0,0,0,0,0,0,0,0,0,0
Al_Labeller_69,Maydan,Alarm_Labeller,"DB5,D90.2",0,1,1,4,0,0,0,0,0,0,0,0,0,0,0,0,0,0,0,0,0,0,0,0,0,0,0,0,0
Al_Labeller_70,Maydan,Alarm_Labeller,"DB5,D92.6",0,1,1,4,0,0,0,0,0,0,0,0,0,0,0,0,0,0,0,0,0,0,0,0,0,0,0,0,0
Al_Labeller_71,Maydan,Alarm_Labeller,"DB5,D93.3",0,1,1,4,0,0,0,0,0,0,0,0,0,0,0,0,0,0,0,0,0,0,0,0,0,0,0,0,0
Al_Labeller_72,Maydan,Alarm_Labeller,"DB5,D93.4",0,1,1,4,0,0,0,0,0,0,0,0,0,0,0,0,0,0,0,0,0,0,0,0,0,0,0,0,0
Al_Labeller_73,Maydan,Alarm_Labeller,"DB5,D94.3",0,1,1,4,0,0,0,0,0,0,0,0,0,0,0,0,0,0,0,0,0,0,0,0,0,0,0,0,0
Al_Labeller_74,Maydan,Alarm_Labeller,"DB5,D94.4",0,1,1,4,0,0,0,0,0,0,0,0,0,0,0,0,0,0,0,0,0,0,0,0,0,0,0,0,0
Al_Labeller_75,Maydan,Alarm_Labeller,"DB5,D94.5",0,1,1,4,0,0,0,0,0,0,0,0,0,0,0,0,0,0,0,0,0,0,0,0,0,0,0,0,0
Al_Labeller_76,Maydan,Alarm_Labeller,"DB5,D94.6",0,1,1,4,0,0,0,0,0,0,0,0,0,0,0,0,0,0,0,0,0,0,0,0,0,0,0,0,0
Al_Labeller_77,Maydan,Alarm_Labeller,"DB5,D95.3",0,1,1,4,0,0,0,0,0,0,0,0,0,0,0,0,0,0,0,0,0,0,0,0,0,0,0,0,0
Al_Labeller_78,Maydan,Alarm_Labeller,"DB5,D95.4",0,1,1,4,0,0,0,0,0,0,0,0,0,0,0,0,0,0,0,0,0,0,0,0,0,0,0,0,0
Al_Labeller_79,Maydan,Alarm_Labeller,"DB5,D95.5",0,1,1,4,0,0,0,0,0,0,0,0,0,0,0,0,0,0,0,0,0,0,0,0,0,0,0,0,0
Al_Labeller_80,Maydan,Alarm_Labeller,"DB5,D95.6",0,1,1,4,0,0,0,0,0,0,0,0,0,0,0,0,0,0,0,0,0,0,0,0,0,0,0,0,0
Al_Labeller_81,Maydan,Alarm_Labeller,"DB5,D96.3",0,1,1,4,0,0,0,0,0,0,0,0,0,0,0,0,0,0,0,0,0,0,0,0,0,0,0,0,0
Al_Labeller_82,Maydan,Alarm_Labeller,"DB5,D96.4",0,1,1,4,0,0,0,0,0,0,0,0,0,0,0,0,0,0,0,0,0,0,0,0,0,0,0,0,0
Al_Labeller_83,Maydan,Alarm_Labeller,"DB5,D96.5",0,1,1,4,0,0,0,0,0,0,0,0,0,0,0,0,0,0,0,0,0,0,0,0,0,0,0,0,0
Al_Labeller_84,Maydan,Alarm_Labeller,"DB5,D96.6",0,1,1,4,0,0,0,0,0,0,0,0,0,0,0,0,0,0,0,0,0,0,0,0,0,0,0,0,0
Al_Labeller_85,Maydan,Alarm_Labeller,"DB5,D97.3",0,1,1,4,0,0,0,0,0,0,0,0,0,0,0,0,0,0,0,0,0,0,0,0,0,0,0,0,0
Al_Labeller_86,Maydan,Alarm_Labeller,"DB5,D97.4",0,1,1,4,0,0,0,0,0,0,0,0,0,0,0,0,0,0,0,0,0,0,0,0,0,0,0,0,0
Al_Labeller_87,Maydan,Alarm_Labeller,"DB5,D97.5",0,1,1,4,0,0,0,0,0,0,0,0,0,0,0,0,0,0,0,0,0,0,0,0,0,0,0,0,0
Al_Labeller_88,Maydan,Alarm_Labeller,"DB5,D97.6",0,1,1,4,0,0,0,0,0,0,0,0,0,0,0,0,0,0,0,0,0,0,0,0,0,0,0,0,0
Al_Labeller_89,Maydan,Alarm_Labeller,"DB5,D98.3",0,1,1,4,0,0,0,0,0,0,0,0,0,0,0,0,0,0,0,0,0,0,0,0,0,0,0,0,0
Al_Labeller_90,Maydan,Alarm_Labeller,"DB5,D98.4",0,1,1,4,0,0,0,0,0,0,0,0,0,0,0,0,0,0,0,0,0,0,0,0,0,0,0,0,0
Al_Labeller_91,Maydan,Alarm_Labeller,"DB5,D98.5",0,1,1,4,0,0,0,0,0,0,0,0,0,0,0,0,0,0,0,0,0,0,0,0,0,0,0,0,0
Al_Labeller_92,Maydan,Alarm_Labeller,"DB5,D98.6",0,1,1,4,0,0,0,0,0,0,0,0,0,0,0,0,0,0,0,0,0,0,0,0,0,0,0,0,0
Al_Labeller_93,Maydan,Alarm_Labeller,"DB5,D98.7",0,1,1,4,0,0,0,0,0,0,0,0,0,0,0,0,0,0,0,0,0,0,0,0,0,0,0,0,0
Al_Labeller_94,Maydan,Alarm_Labeller,"DB5,D99.0",0,1,1,4,0,0,0,0,0,0,0,0,0,0,0,0,0,0,0,0,0,0,0,0,0,0,0,0,0
Al_Labeller_95,Maydan,Alarm_Labeller,"DB5,D99.1",0,1,1,4,0,0,0,0,0,0,0,0,0,0,0,0,0,0,0,0,0,0,0,0,0,0,0,0,0
Al_Labeller_96,Maydan,Alarm_Labeller,"DB5,D99.2",0,1,1,4,0,0,0,0,0,0,0,0,0,0,0,0,0,0,0,0,0,0,0,0,0,0,0,0,0
Al_Labeller_97,Maydan,Alarm_Labeller,"DB5,D100.1",0,1,1,4,0,0,0,0,0,0,0,0,0,0,0,0,0,0,0,0,0,0,0,0,0,0,0,0,0
Al_Labeller_98,Maydan,Alarm_Labeller,"DB5,D100.2",0,1,1,4,0,0,0,0,0,0,0,0,0,0,0,0,0,0,0,0,0,0,0,0,0,0,0,0,0
Al_Labeller_99,Maydan,Alarm_Labeller,"DB5,D148.1",0,1,1,4,0,0,0,0,0,0,0,0,0,0,0,0,0,0,0,0,0,0,0,0,0,0,0,0,0
Al_Labeller_100,Maydan,Alarm_Labeller,"DB5,D148.2",0,1,1,4,0,0,0,0,0,0,0,0,0,0,0,0,0,0,0,0,0,0,0,0,0,0,0,0,0
Al_Labeller_101,Maydan,Alarm_Labeller,"DB5,D148.3",0,1,1,4,0,0,0,0,0,0,0,0,0,0,0,0,0,0,0,0,0,0,0,0,0,0,0,0,0
Al_Labeller_102,Maydan,Alarm_Labeller,"DB5,D151.4",0,1,1,4,0,0,0,0,0,0,0,0,0,0,0,0,0,0,0,0,0,0,0,0,0,0,0,0,0
Al_Labeller_103,Maydan,Alarm_Labeller,"DB5,D151.5",0,1,1,4,0,0,0,0,0,0,0,0,0,0,0,0,0,0,0,0,0,0,0,0,0,0,0,0,0
Al_Labeller_104,Maydan,Alarm_Labeller,"DB5,D151.6",0,1,1,4,0,0,0,0,0,0,0,0,0,0,0,0,0,0,0,0,0,0,0,0,0,0,0,0,0
Al_Labeller_105,Maydan,Alarm_Labeller,"DB5,D152.0",0,1,1,4,0,0,0,0,0,0,0,0,0,0,0,0,0,0,0,0,0,0,0,0,0,0,0,0,0
Al_Labeller_106,Maydan,Alarm_Labeller,"DB5,D152.1",0,1,1,4,0,0,0,0,0,0,0,0,0,0,0,0,0,0,0,0,0,0,0,0,0,0,0,0,0
Al_Labeller_107,Maydan,Alarm_Labeller,"DB5,D152.2",0,1,1,4,0,0,0,0,0,0,0,0,0,0,0,0,0,0,0,0,0,0,0,0,0,0,0,0,0
Al_Labeller_108,Maydan,Alarm_Labeller,"DB5,D154.6",0,1,1,4,0,0,0,0,0,0,0,0,0,0,0,0,0,0,0,0,0,0,0,0,0,0,0,0,0
Al_Labeller_109,Maydan,Alarm_Labeller,"DB5,D154.7",0,1,1,4,0,0,0,0,0,0,0,0,0,0,0,0,0,0,0,0,0,0,0,0,0,0,0,0,0
Al_Labeller_110,Maydan,Alarm_Labeller,"DB5,D156.0",0,1,1,4,0,0,0,0,0,0,0,0,0,0,0,0,0,0,0,0,0,0,0,0,0,0,0,0,0
Al_Labeller_111,Maydan,Alarm_Labeller,"DB5,D156.1",0,1,1,4,0,0,0,0,0,0,0,0,0,0,0,0,0,0,0,0,0,0,0,0,0,0,0,0,0
Al_Labeller_112,Maydan,Alarm_Labeller,"DB5,D156.2",0,1,1,4,0,0,0,0,0,0,0,0,0,0,0,0,0,0,0,0,0,0,0,0,0,0,0,0,0
Al_Labeller_113,Maydan,Alarm_Labeller,"DB5,D156.3",0,1,1,4,0,0,0,0,0,0,0,0,0,0,0,0,0,0,0,0,0,0,0,0,0,0,0,0,0
Al_Labeller_114,Maydan,Alarm_Labeller,"DB5,D158.0",0,1,1,4,0,0,0,0,0,0,0,0,0,0,0,0,0,0,0,0,0,0,0,0,0,0,0,0,0
Al_Labeller_115,Maydan,Alarm_Labeller,"DB5,D158.1",0,1,1,4,0,0,0,0,0,0,0,0,0,0,0,0,0,0,0,0,0,0,0,0,0,0,0,0,0
Al_Labeller_116,Maydan,Alarm_Labeller,"DB5,D158.2",0,1,1,4,0,0,0,0,0,0,0,0,0,0,0,0,0,0,0,0,0,0,0,0,0,0,0,0,0
Al_Labeller_117,Maydan,Alarm_Labeller,"DB5,D158.3",0,1,1,4,0,0,0,0,0,0,0,0,0,0,0,0,0,0,0,0,0,0,0,0,0,0,0,0,0
Al_Labeller_118,Maydan,Alarm_Labeller,"DB5,D159.0",0,1,1,4,0,0,0,0,0,0,0,0,0,0,0,0,0,0,0,0,0,0,0,0,0,0,0,0,0
Al_Labeller_119,Maydan,Alarm_Labeller,"DB5,D159.1",0,1,1,4,0,0,0,0,0,0,0,0,0,0,0,0,0,0,0,0,0,0,0,0,0,0,0,0,0
Al_Labeller_120,Maydan,Alarm_Labeller,"DB5,D162.2",0,1,1,4,0,0,0,0,0,0,0,0,0,0,0,0,0,0,0,0,0,0,0,0,0,0,0,0,0
Al_Labeller_121,Maydan,Alarm_Labeller,"DB5,D162.3",0,1,1,4,0,0,0,0,0,0,0,0,0,0,0,0,0,0,0,0,0,0,0,0,0,0,0,0,0
Al_Labeller_122,Maydan,Alarm_Labeller,"DB5,D164.0",0,1,1,4,0,0,0,0,0,0,0,0,0,0,0,0,0,0,0,0,0,0,0,0,0,0,0,0,0
Al_Labeller_123,Maydan,Alarm_Labeller,"DB5,D164.1",0,1,1,4,0,0,0,0,0,0,0,0,0,0,0,0,0,0,0,0,0,0,0,0,0,0,0,0,0
Al_Labeller_124,Maydan,Alarm_Labeller,"DB5,D164.4",0,1,1,4,0,0,0,0,0,0,0,0,0,0,0,0,0,0,0,0,0,0,0,0,0,0,0,0,0
Al_Labeller_125,Maydan,Alarm_Labeller,"DB5,D164.6",0,1,1,4,0,0,0,0,0,0,0,0,0,0,0,0,0,0,0,0,0,0,0,0,0,0,0,0,0
Al_Labeller_126,Maydan,Alarm_Labeller,"DB5,D164.7",0,1,1,4,0,0,0,0,0,0,0,0,0,0,0,0,0,0,0,0,0,0,0,0,0,0,0,0,0
Status_chiet,Bangtai_chai,Others,"DB901,DD182",0,7,4,4,0,0,0,0,0,0,0,0,0,0,0,0,0,0,0,0,0,0,0,0,0,0,0,0,0
Status_dan,Bangtai_chai,Others,"DB901,DD186",0,7,4,4,0,0,0,0,0,0,0,0,0,0,0,0,0,0,0,0,0,0,0,0,0,0,0,0,0
Status_EBI,Bangtai_chai,Others,"DB901,DD190",0,7,4,4,0,0,0,0,0,0,0,0,0,0,0,0,0,0,0,0,0,0,0,0,0,0,0,0,0
Status_rua,Bangtai_chai,Others,"DB901,DD194",0,7,4,4,0,0,0,0,0,0,0,0,0,0,0,0,0,0,0,0,0,0,0,0,0,0,0,0,0
Status_unpacker,Bangtai_chai,Others,"DB901,DD242",0,7,4,4,0,0,0,0,0,0,0,0,0,0,0,0,0,0,0,0,0,0,0,0,0,0,0,0,0
Status_packer,Bangtai_chai,Others,"DB901,DD246",0,7,4,4,0,0,0,0,0,0,0,0,0,0,0,0,0,0,0,0,0,0,0,0,0,0,0,0,0
Status_pastue,Bangtai_chai,Others,"DB901,DD238",0,7,4,4,0,0,0,0,0,0,0,0,0,0,0,0,0,0,0,0,0,0,0,0,0,0,0,0,0
